"SSB_MSY_om","TotYield_MSY_om","SSB_Unfished_om","depletion_om","params_on_bound_om","NatM_p_1_Fem_GP_1_om","L_at_Amin_Fem_GP_1_om","L_at_Amax_Fem_GP_1_om","VonBert_K_Fem_GP_1_om","CV_young_Fem_GP_1_om","CV_old_Fem_GP_1_om","Wtlen_1_Fem_om","Wtlen_2_Fem_om","Mat50%_Fem_om","Mat_slope_Fem_om","Eggs/kg_inter_Fem_om","Eggs/kg_slope_wt_Fem_om","RecrDist_GP_1_om","RecrDist_Area_1_om","RecrDist_Seas_1_om","CohortGrowDev_om","SR_LN_R0_om","SR_BH_steep_om","SR_sigmaR_om","SR_envlink_om","SR_R1_offset_om","SR_autocorr_om","InitF_1Fishery_om","LnQ_base_1_Fishery_om","LnQ_base_2_Survey_om","LnQ_base_3_CPUE_om","SizeSel_1P_1_Fishery_om","SizeSel_1P_2_Fishery_om","SizeSel_1P_3_Fishery_om","SizeSel_1P_4_Fishery_om","SizeSel_1P_5_Fishery_om","SizeSel_1P_6_Fishery_om","SizeSel_2P_1_Survey_om","SizeSel_2P_2_Survey_om","SizeSel_2P_3_Survey_om","SizeSel_2P_4_Survey_om","SizeSel_2P_5_Survey_om","SizeSel_2P_6_Survey_om","Catch_endyear_om","NLL_TOTAL_om","NLL_Catch_om","NLL_Equil_catch_om","NLL_Survey_om","NLL_Discard_om","NLL_Mean_body_wt_om","NLL_Length_comp_om","NLL_Age_comp_om","NLL_Size_at_age_om","NLL_SizeFreq_om","NLL_Morphcomp_om","NLL_Tag_comp_om","NLL_Tag_negbin_om","NLL_Recruitment_om","NLL_Forecast_Recruitment_om","NLL_Parm_priors_om","NLL_Parm_softbounds_om","NLL_Parm_devs_om","NLL_Crash_Pen_om","SSB_MSY_em","TotYield_MSY_em","SSB_Unfished_em","depletion_em","params_on_bound_em","NatM_p_1_Fem_GP_1_em","L_at_Amin_Fem_GP_1_em","L_at_Amax_Fem_GP_1_em","VonBert_K_Fem_GP_1_em","CV_young_Fem_GP_1_em","CV_old_Fem_GP_1_em","Wtlen_1_Fem_em","Wtlen_2_Fem_em","Mat50%_Fem_em","Mat_slope_Fem_em","Eggs/kg_inter_Fem_em","Eggs/kg_slope_wt_Fem_em","RecrDist_GP_1_em","RecrDist_Area_1_em","RecrDist_Seas_1_em","CohortGrowDev_em","SR_LN_R0_em","SR_BH_steep_em","SR_sigmaR_em","SR_envlink_em","SR_R1_offset_em","SR_autocorr_em","InitF_1Fishery_em","LnQ_base_1_Fishery_em","LnQ_base_2_Survey_em","LnQ_base_3_CPUE_em","SizeSel_1P_1_Fishery_em","SizeSel_1P_2_Fishery_em","SizeSel_1P_3_Fishery_em","SizeSel_1P_4_Fishery_em","SizeSel_1P_5_Fishery_em","SizeSel_1P_6_Fishery_em","SizeSel_2P_1_Survey_em","SizeSel_2P_2_Survey_em","SizeSel_2P_3_Survey_em","SizeSel_2P_4_Survey_em","SizeSel_2P_5_Survey_em","SizeSel_2P_6_Survey_em","Catch_endyear_em","NLL_TOTAL_em","NLL_Catch_em","NLL_Equil_catch_em","NLL_Survey_em","NLL_Discard_em","NLL_Mean_body_wt_em","NLL_Length_comp_em","NLL_Age_comp_em","NLL_Size_at_age_em","NLL_SizeFreq_em","NLL_Morphcomp_em","NLL_Tag_comp_em","NLL_Tag_negbin_em","NLL_Recruitment_em","NLL_Forecast_Recruitment_em","NLL_Parm_priors_em","NLL_Parm_softbounds_em","NLL_Parm_devs_em","NLL_Crash_Pen_em","bias1","bias2","bias3","bias4","bias5","bias.converged","bias.tried","scenario","replicate","A","C","D","L","E","F","I","R","species","max_grad","version","RunTime","hessian"
1417700000,164180000,4084110000,0.349065034977021,0,0.2,20,132,0.2,0.1,0.1,6.8e-06,3.101,38.18,-0.276,1,0,0,0,0,1,18.7,0.65,0.4,0,0,0,0,0,0,0,50.8,-3,5.1,15,-999,-999,41.8,-4,5.2,14,-99,99,164190000,214285,9.5472e-07,0,-20.9227,NA,NA,252.551,214053,NA,NA,NA,NA,NA,0,0,0,0,0,0,1525180000,176859000,4394800000,0.320444616364795,0,0.2,20,132,0.2,0.1,0.1,6.8e-06,3.101,38.18,-0.276,1,0,0,0,0,1,18.7733,0.65,0.4,0,0,0,0,0,-0.0473966,0,51.089,-3,5.12099,15,-999,-999,41.8075,-4,5.24004,14,-99,99,164190000,603.893,1.43636e-14,0,-17.2348,NA,NA,518.842,160.74,NA,NA,NA,NA,NA,-58.5509,0,0.0949005,0.00189801,0,0,0.6271,40.40667,99.30118,99.76163,0.86529,10,10,"A30-C10-D0-L30-E0-F0-I0-R0-cos",1,"A30","C10","D0","L30","E0","F0","I0","R0","cos",6.63405e-05,"#V3.24O",0.333333333333333,FALSE
1417700000,164180000,4084110000,0.349065034977021,0,0.2,20,132,0.2,0.1,0.1,6.8e-06,3.101,38.18,-0.276,1,0,0,0,0,1,18.7,0.65,0.4,0,0,0,0,0,0,0,50.8,-3,5.1,15,-999,-999,41.8,-4,5.2,14,-99,99,164190000,214285,9.5472e-07,0,-20.9227,NA,NA,252.551,214053,NA,NA,NA,NA,NA,0,0,0,0,0,0,1562670000,181679000,4504480000,0.406029108798352,0,0.2,20,132,0.2,0.1,0.1,6.8e-06,3.101,38.18,-0.276,1,0,0,0,0,1,18.798,0.65,0.4,0,0,0,0,0,-0.0799952,0,52.324,-3,5.26379,15,-999,-999,41.2673,-4,5.15626,14,-99,99,164190000,613.859,7.10053e-15,0,-14.0535,NA,NA,521.938,162.308,NA,NA,NA,NA,NA,-56.4298,0,0.0941745,0.00188349,0,0,0.6271,40.40667,99.30118,99.76163,0.86529,10,10,"A30-C10-D0-L30-E0-F0-I0-R0-cos",2,"A30","C10","D0","L30","E0","F0","I0","R0","cos",0.00199371,"#V3.24O",0.366666666666667,FALSE
1417700000,164180000,4084110000,0.349065034977021,0,0.2,20,132,0.2,0.1,0.1,6.8e-06,3.101,38.18,-0.276,1,0,0,0,0,1,18.7,0.65,0.4,0,0,0,0,0,0,0,50.8,-3,5.1,15,-999,-999,41.8,-4,5.2,14,-99,99,164190000,214285,9.5472e-07,0,-20.9227,NA,NA,252.551,214053,NA,NA,NA,NA,NA,0,0,0,0,0,0,1560760000,180294000,4494740000,0.37763474639245,0,0.2,20,132,0.2,0.1,0.1,6.8e-06,3.101,38.18,-0.276,1,0,0,0,0,1,18.7958,0.65,0.4,0,0,0,0,0,-0.0631081,0,49.1024,-3,4.87298,15,-999,-999,45.2706,-4,5.86412,14,-99,99,164190000,583.855,6.5079e-15,0,-15.1017,NA,NA,496.542,161.129,NA,NA,NA,NA,NA,-58.8079,0,0.090545,0.0018109,0,0,0.6271,40.40667,99.30118,99.76163,0.86529,10,10,"A30-C10-D0-L30-E0-F0-I0-R0-cos",3,"A30","C10","D0","L30","E0","F0","I0","R0","cos",0.00792835,"#V3.24O",0.333333333333333,FALSE
1417700000,164180000,4084110000,0.349065034977021,0,0.2,20,132,0.2,0.1,0.1,6.8e-06,3.101,38.18,-0.276,1,0,0,0,0,1,18.7,0.65,0.4,0,0,0,0,0,0,0,50.8,-3,5.1,15,-999,-999,41.8,-4,5.2,14,-99,99,164190000,214285,9.5472e-07,0,-20.9227,NA,NA,252.551,214053,NA,NA,NA,NA,NA,0,0,0,0,0,0,1541310000,177209000,4435170000,0.31914898414266,0,0.2,20,132,0.2,0.1,0.1,6.8e-06,3.101,38.18,-0.276,1,0,0,0,0,1,18.7825,0.65,0.4,0,0,0,0,0,0.0782307,0,46.8663,-3,4.58852,15,-999,-999,42.5279,-4,5.26305,14,-99,99,164190000,596.784,1.05279e-14,0,-14.8713,NA,NA,516.51,151.65,NA,NA,NA,NA,NA,-56.6075,0,0.101374,0.00202748,0,0,0.6271,40.40667,99.30118,99.76163,0.86529,10,10,"A30-C10-D0-L30-E0-F0-I0-R0-cos",4,"A30","C10","D0","L30","E0","F0","I0","R0","cos",0.00185385,"#V3.24O",0.35,FALSE
1417700000,164180000,4084110000,0.349065034977021,0,0.2,20,132,0.2,0.1,0.1,6.8e-06,3.101,38.18,-0.276,1,0,0,0,0,1,18.7,0.65,0.4,0,0,0,0,0,0,0,50.8,-3,5.1,15,-999,-999,41.8,-4,5.2,14,-99,99,164190000,214285,9.5472e-07,0,-20.9227,NA,NA,252.551,214053,NA,NA,NA,NA,NA,0,0,0,0,0,0,1514360000,175185000,4362400000,0.343437098844673,0,0.2,20,132,0.2,0.1,0.1,6.8e-06,3.101,38.18,-0.276,1,0,0,0,0,1,18.7659,0.65,0.4,0,0,0,0,0,0.00716964,0,49.2054,-3,4.85979,15,-999,-999,42.3556,-4,5.32711,14,-99,99,164190000,649.471,2.04229e-14,0,-15.3279,NA,NA,541.792,179.785,NA,NA,NA,NA,NA,-56.8769,0,0.0970398,0.0019408,0,0,0.6271,40.40667,99.30118,99.76163,0.86529,10,10,"A30-C10-D0-L30-E0-F0-I0-R0-cos",5,"A30","C10","D0","L30","E0","F0","I0","R0","cos",0.00034193,"#V3.24O",0.316666666666667,FALSE
1417700000,164180000,4084110000,0.349065034977021,0,0.2,20,132,0.2,0.1,0.1,6.8e-06,3.101,38.18,-0.276,1,0,0,0,0,1,18.7,0.65,0.4,0,0,0,0,0,0,0,50.8,-3,5.1,15,-999,-999,41.8,-4,5.2,14,-99,99,164190000,214285,9.5472e-07,0,-20.9227,NA,NA,252.551,214053,NA,NA,NA,NA,NA,0,0,0,0,0,0,1509070000,174829000,4348070000,0.303803756609254,0,0.2,20,132,0.2,0.1,0.1,6.8e-06,3.101,38.18,-0.276,1,0,0,0,0,1,18.7626,0.65,0.4,0,0,0,0,0,-0.0354963,0,50.1182,-3,4.98253,15,-999,-999,41.2006,-4,5.10569,14,-99,99,164190000,626.687,1.64652e-14,0,-16.4763,NA,NA,512.004,188.62,NA,NA,NA,NA,NA,-57.5605,0,0.0982733,0.00196547,0,0,0.6271,40.40667,99.30118,99.76163,0.86529,10,10,"A30-C10-D0-L30-E0-F0-I0-R0-cos",6,"A30","C10","D0","L30","E0","F0","I0","R0","cos",7.29764e-05,"#V3.24O",0.316666666666667,FALSE
1417700000,164180000,4084110000,0.349065034977021,0,0.2,20,132,0.2,0.1,0.1,6.8e-06,3.101,38.18,-0.276,1,0,0,0,0,1,18.7,0.65,0.4,0,0,0,0,0,0,0,50.8,-3,5.1,15,-999,-999,41.8,-4,5.2,14,-99,99,164190000,214285,9.5472e-07,0,-20.9227,NA,NA,252.551,214053,NA,NA,NA,NA,NA,0,0,0,0,0,0,1526280000,177392000,4400070000,0.330153838461661,0,0.2,20,132,0.2,0.1,0.1,6.8e-06,3.101,38.18,-0.276,1,0,0,0,0,1,18.7745,0.65,0.4,0,0,0,0,0,-0.12495,0,51.1058,-3,5.08007,15,-999,-999,41.3883,-4,5.03701,14,-99,99,164190000,686.476,1.1571e-14,0,-11.1691,NA,NA,570.94,183.374,NA,NA,NA,NA,NA,-56.7674,0,0.096437,0.00192874,0,0,0.6271,40.40667,99.30118,99.76163,0.86529,10,10,"A30-C10-D0-L30-E0-F0-I0-R0-cos",7,"A30","C10","D0","L30","E0","F0","I0","R0","cos",9.64082e-06,"#V3.24O",0.333333333333333,FALSE
1417700000,164180000,4084110000,0.349065034977021,0,0.2,20,132,0.2,0.1,0.1,6.8e-06,3.101,38.18,-0.276,1,0,0,0,0,1,18.7,0.65,0.4,0,0,0,0,0,0,0,50.8,-3,5.1,15,-999,-999,41.8,-4,5.2,14,-99,99,164190000,214285,9.5472e-07,0,-20.9227,NA,NA,252.551,214053,NA,NA,NA,NA,NA,0,0,0,0,0,0,1519730000,176922000,4382060000,0.329240129071715,0,0.2,20,132,0.2,0.1,0.1,6.8e-06,3.101,38.18,-0.276,1,0,0,0,0,1,18.7704,0.65,0.4,0,0,0,0,0,-0.10175,0,52.1193,-3,5.20922,15,-999,-999,41.8252,-4,5.19239,14,-99,99,164190000,602.447,1.33203e-14,0,-15.0374,NA,NA,516.729,158.325,NA,NA,NA,NA,NA,-57.6641,0,0.0933743,0.00186749,0,0,0.6271,40.40667,99.30118,99.76163,0.86529,10,10,"A30-C10-D0-L30-E0-F0-I0-R0-cos",8,"A30","C10","D0","L30","E0","F0","I0","R0","cos",8.98157e-05,"#V3.24O",0.333333333333333,FALSE
1417700000,164180000,4084110000,0.349065034977021,0,0.2,20,132,0.2,0.1,0.1,6.8e-06,3.101,38.18,-0.276,1,0,0,0,0,1,18.7,0.65,0.4,0,0,0,0,0,0,0,50.8,-3,5.1,15,-999,-999,41.8,-4,5.2,14,-99,99,164190000,214285,9.5472e-07,0,-20.9227,NA,NA,252.551,214053,NA,NA,NA,NA,NA,0,0,0,0,0,0,1510950000,176509000,4359820000,0.33093568083086,0,0.2,20,132,0.2,0.1,0.1,6.8e-06,3.101,38.18,-0.276,1,0,0,0,0,1,18.7653,0.65,0.4,0,0,0,0,0,-0.000449237,0,52.2397,-3,5.16497,15,-999,-999,44.8853,-4,5.69747,14,-99,99,164190000,575.471,7.79583e-15,0,-14.3382,NA,NA,496.461,148.149,NA,NA,NA,NA,NA,-54.8884,0,0.0863865,0.00172773,0,0,0.6271,40.40667,99.30118,99.76163,0.86529,10,10,"A30-C10-D0-L30-E0-F0-I0-R0-cos",9,"A30","C10","D0","L30","E0","F0","I0","R0","cos",8.46527e-05,"#V3.24O",0.316666666666667,FALSE
1417700000,164180000,4084110000,0.349065034977021,0,0.2,20,132,0.2,0.1,0.1,6.8e-06,3.101,38.18,-0.276,1,0,0,0,0,1,18.7,0.65,0.4,0,0,0,0,0,0,0,50.8,-3,5.1,15,-999,-999,41.8,-4,5.2,14,-99,99,164190000,214285,9.5472e-07,0,-20.9227,NA,NA,252.551,214053,NA,NA,NA,NA,NA,0,0,0,0,0,0,1565840000,180985000,4508610000,0.354264396343884,0,0.2,20,132,0.2,0.1,0.1,6.8e-06,3.101,38.18,-0.276,1,0,0,0,0,1,18.7989,0.65,0.4,0,0,0,0,0,-0.103191,0,51.5183,-3,5.24495,15,-999,-999,43.1572,-4,5.47567,14,-99,99,164190000,651.99,5.54201e-15,0,-17.0481,NA,NA,532.689,193.211,NA,NA,NA,NA,NA,-56.9537,0,0.0907302,0.0018146,0,0,0.6271,40.40667,99.30118,99.76163,0.86529,10,10,"A30-C10-D0-L30-E0-F0-I0-R0-cos",10,"A30","C10","D0","L30","E0","F0","I0","R0","cos",6.1428e-07,"#V3.24O",0.3,FALSE
1417700000,164180000,4084110000,0.349065034977021,0,0.2,20,132,0.2,0.1,0.1,6.8e-06,3.101,38.18,-0.276,1,0,0,0,0,1,18.7,0.65,0.4,0,0,0,0,0,0,0,50.8,-3,5.1,15,-999,-999,41.8,-4,5.2,14,-99,99,164190000,214285,9.5472e-07,0,-20.9227,NA,NA,252.551,214053,NA,NA,NA,NA,NA,0,0,0,0,0,0,1522390000,176399000,4385410000,0.34523111864113,0,0.2,20,132,0.2,0.1,0.1,6.8e-06,3.101,38.18,-0.276,1,0,0,0,0,1,18.7712,0.65,0.4,0,0,0,0,0,0.00384151,0,52.111,-3,5.29021,15,-999,-999,42.1069,-4,5.19384,14,-99,99,164190000,594.65,2.78554e-14,0,-19.0468,NA,NA,491.851,178.388,NA,NA,NA,NA,NA,-56.6363,0,0.0925967,0.00185193,0,0,0.6271,40.40667,99.30118,99.76163,0.86529,10,10,"A30-C10-D0-L30-E0-F0-I0-R0-cos",11,"A30","C10","D0","L30","E0","F0","I0","R0","cos",8.43375e-05,"#V3.24O",0.316666666666667,FALSE
1417700000,164180000,4084110000,0.349065034977021,0,0.2,20,132,0.2,0.1,0.1,6.8e-06,3.101,38.18,-0.276,1,0,0,0,0,1,18.7,0.65,0.4,0,0,0,0,0,0,0,50.8,-3,5.1,15,-999,-999,41.8,-4,5.2,14,-99,99,164190000,214285,9.5472e-07,0,-20.9227,NA,NA,252.551,214053,NA,NA,NA,NA,NA,0,0,0,0,0,0,1522350000,176601000,4387530000,0.280704633358632,0,0.2,20,132,0.2,0.1,0.1,6.8e-06,3.101,38.18,-0.276,1,0,0,0,0,1,18.7717,0.65,0.4,0,0,0,0,0,0.0357334,0,50.1805,-3,4.96591,15,-999,-999,44.0046,-4,5.55886,14,-99,99,164190000,604.182,1.92204e-14,0,-15.731,NA,NA,497.898,179.035,NA,NA,NA,NA,NA,-57.113,0,0.0916461,0.00183292,0,0,0.6271,40.40667,99.30118,99.76163,0.86529,10,10,"A30-C10-D0-L30-E0-F0-I0-R0-cos",12,"A30","C10","D0","L30","E0","F0","I0","R0","cos",7.8865e-05,"#V3.24O",0.333333333333333,FALSE
1417700000,164180000,4084110000,0.349065034977021,0,0.2,20,132,0.2,0.1,0.1,6.8e-06,3.101,38.18,-0.276,1,0,0,0,0,1,18.7,0.65,0.4,0,0,0,0,0,0,0,50.8,-3,5.1,15,-999,-999,41.8,-4,5.2,14,-99,99,164190000,214285,9.5472e-07,0,-20.9227,NA,NA,252.551,214053,NA,NA,NA,NA,NA,0,0,0,0,0,0,1565620000,181348000,4510570000,0.347993712546308,0,0.2,20,132,0.2,0.1,0.1,6.8e-06,3.101,38.18,-0.276,1,0,0,0,0,1,18.7993,0.65,0.4,0,0,0,0,0,-0.0520287,0,50.5665,-3,5.05886,15,-999,-999,44.7071,-4,5.72843,14,-99,99,164190000,572.221,5.12028e-15,0,-19.6884,NA,NA,486.44,161.463,NA,NA,NA,NA,NA,-56.0847,0,0.0891677,0.00178335,0,0,0.6271,40.40667,99.30118,99.76163,0.86529,10,10,"A30-C10-D0-L30-E0-F0-I0-R0-cos",13,"A30","C10","D0","L30","E0","F0","I0","R0","cos",0.00017596,"#V3.24O",0.35,FALSE
1417700000,164180000,4084110000,0.349065034977021,0,0.2,20,132,0.2,0.1,0.1,6.8e-06,3.101,38.18,-0.276,1,0,0,0,0,1,18.7,0.65,0.4,0,0,0,0,0,0,0,50.8,-3,5.1,15,-999,-999,41.8,-4,5.2,14,-99,99,164190000,214285,9.5472e-07,0,-20.9227,NA,NA,252.551,214053,NA,NA,NA,NA,NA,0,0,0,0,0,0,1501990000,174148000,4327920000,0.299876152978798,0,0.2,20,132,0.2,0.1,0.1,6.8e-06,3.101,38.18,-0.276,1,0,0,0,0,1,18.758,0.65,0.4,0,0,0,0,0,-0.00652984,0,50.9756,-3,5.10535,15,-999,-999,42.5049,-4,5.34777,14,-99,99,164190000,620.984,1.27577e-14,0,-18.2271,NA,NA,538.28,157.625,NA,NA,NA,NA,NA,-56.7885,0,0.0934435,0.00186887,0,0,0.6271,40.40667,99.30118,99.76163,0.86529,10,10,"A30-C10-D0-L30-E0-F0-I0-R0-cos",14,"A30","C10","D0","L30","E0","F0","I0","R0","cos",5.92787e-05,"#V3.24O",0.333333333333333,FALSE
1417700000,164180000,4084110000,0.349065034977021,0,0.2,20,132,0.2,0.1,0.1,6.8e-06,3.101,38.18,-0.276,1,0,0,0,0,1,18.7,0.65,0.4,0,0,0,0,0,0,0,50.8,-3,5.1,15,-999,-999,41.8,-4,5.2,14,-99,99,164190000,214285,9.5472e-07,0,-20.9227,NA,NA,252.551,214053,NA,NA,NA,NA,NA,0,0,0,0,0,0,1479890000,172538000,4267500000,0.272360867018161,0,0.2,20,132,0.2,0.1,0.1,6.8e-06,3.101,38.18,-0.276,1,0,0,0,0,1,18.7439,0.65,0.4,0,0,0,0,0,0.161229,0,53.6277,-3,5.40749,15,-999,-999,41.0766,-4,5.11064,14,-99,99,164190000,650.995,1.75446e-14,0,-15.0012,NA,NA,536.629,186.778,NA,NA,NA,NA,NA,-57.5051,0,0.0926489,0.00185298,0,0,0.6271,40.40667,99.30118,99.76163,0.86529,10,10,"A30-C10-D0-L30-E0-F0-I0-R0-cos",15,"A30","C10","D0","L30","E0","F0","I0","R0","cos",0.000960375,"#V3.24O",0.35,FALSE
1417700000,164180000,4084110000,0.349065034977021,0,0.2,20,132,0.2,0.1,0.1,6.8e-06,3.101,38.18,-0.276,1,0,0,0,0,1,18.7,0.65,0.4,0,0,0,0,0,0,0,50.8,-3,5.1,15,-999,-999,41.8,-4,5.2,14,-99,99,164190000,214285,9.5472e-07,0,-20.9227,NA,NA,252.551,214053,NA,NA,NA,NA,NA,0,0,0,0,0,0,1494610000,173421000,4307850000,0.314929721322702,0,0.2,20,132,0.2,0.1,0.1,6.8e-06,3.101,38.18,-0.276,1,0,0,0,0,1,18.7533,0.65,0.4,0,0,0,0,0,-0.00709062,0,50.0098,-3,4.93253,15,-999,-999,41.6991,-4,5.11311,14,-99,99,164190000,581.998,8.08224e-15,0,-12.8553,NA,NA,505.72,145.615,NA,NA,NA,NA,NA,-56.5812,0,0.0975549,0.0019511,0,0,0.6271,40.40667,99.30118,99.76163,0.86529,10,10,"A30-C10-D0-L30-E0-F0-I0-R0-cos",16,"A30","C10","D0","L30","E0","F0","I0","R0","cos",0.00113415,"#V3.24O",0.3,FALSE
1417700000,164180000,4084110000,0.349065034977021,0,0.2,20,132,0.2,0.1,0.1,6.8e-06,3.101,38.18,-0.276,1,0,0,0,0,1,18.7,0.65,0.4,0,0,0,0,0,0,0,50.8,-3,5.1,15,-999,-999,41.8,-4,5.2,14,-99,99,164190000,214285,9.5472e-07,0,-20.9227,NA,NA,252.551,214053,NA,NA,NA,NA,NA,0,0,0,0,0,0,1519300000,175956000,4377080000,0.336468604640537,0,0.2,20,132,0.2,0.1,0.1,6.8e-06,3.101,38.18,-0.276,1,0,0,0,0,1,18.7693,0.65,0.4,0,0,0,0,0,0.0303001,0,50.3702,-3,5.0303,15,-999,-999,40.4371,-4,4.89939,14,-99,99,164190000,632.3,8.89995e-15,0,-18.1306,NA,NA,519.202,187.257,NA,NA,NA,NA,NA,-56.1299,0,0.0999965,0.00199993,0,0,0.6271,40.40667,99.30118,99.76163,0.86529,10,10,"A30-C10-D0-L30-E0-F0-I0-R0-cos",17,"A30","C10","D0","L30","E0","F0","I0","R0","cos",3.04339e-07,"#V3.24O",0.333333333333333,FALSE
1417700000,164180000,4084110000,0.349065034977021,0,0.2,20,132,0.2,0.1,0.1,6.8e-06,3.101,38.18,-0.276,1,0,0,0,0,1,18.7,0.65,0.4,0,0,0,0,0,0,0,50.8,-3,5.1,15,-999,-999,41.8,-4,5.2,14,-99,99,164190000,214285,9.5472e-07,0,-20.9227,NA,NA,252.551,214053,NA,NA,NA,NA,NA,0,0,0,0,0,0,1555400000,179134000,4476680000,0.337551489049921,0,0.2,20,132,0.2,0.1,0.1,6.8e-06,3.101,38.18,-0.276,1,0,0,0,0,1,18.7918,0.65,0.4,0,0,0,0,0,-0.0452891,0,48.5735,-3,4.84771,15,-999,-999,44.1122,-4,5.60761,14,-99,99,164190000,620.681,8.66347e-15,0,-13.3304,NA,NA,521.853,171.873,NA,NA,NA,NA,NA,-59.8103,0,0.0940329,0.00188066,0,0,0.6271,40.40667,99.30118,99.76163,0.86529,10,10,"A30-C10-D0-L30-E0-F0-I0-R0-cos",18,"A30","C10","D0","L30","E0","F0","I0","R0","cos",1.79168e-06,"#V3.24O",0.3,FALSE
1417700000,164180000,4084110000,0.349065034977021,0,0.2,20,132,0.2,0.1,0.1,6.8e-06,3.101,38.18,-0.276,1,0,0,0,0,1,18.7,0.65,0.4,0,0,0,0,0,0,0,50.8,-3,5.1,15,-999,-999,41.8,-4,5.2,14,-99,99,164190000,214285,9.5472e-07,0,-20.9227,NA,NA,252.551,214053,NA,NA,NA,NA,NA,0,0,0,0,0,0,1554940000,179778000,4478600000,0.350866342160497,0,0.2,20,132,0.2,0.1,0.1,6.8e-06,3.101,38.18,-0.276,1,0,0,0,0,1,18.7922,0.65,0.4,0,0,0,0,0,-0.121584,0,49.5646,-3,4.93234,15,-999,-999,40.534,-4,4.95016,14,-99,99,164190000,589.924,6.91243e-15,0,-15.8928,NA,NA,510.604,151.123,NA,NA,NA,NA,NA,-56.0136,0,0.101076,0.00202152,0,0,0.6271,40.40667,99.30118,99.76163,0.86529,10,10,"A30-C10-D0-L30-E0-F0-I0-R0-cos",19,"A30","C10","D0","L30","E0","F0","I0","R0","cos",0.000139853,"#V3.24O",0.35,FALSE
1417700000,164180000,4084110000,0.349065034977021,0,0.2,20,132,0.2,0.1,0.1,6.8e-06,3.101,38.18,-0.276,1,0,0,0,0,1,18.7,0.65,0.4,0,0,0,0,0,0,0,50.8,-3,5.1,15,-999,-999,41.8,-4,5.2,14,-99,99,164190000,214285,9.5472e-07,0,-20.9227,NA,NA,252.551,214053,NA,NA,NA,NA,NA,0,0,0,0,0,0,1513020000,174938000,4357340000,0.30839227602161,0,0.2,20,132,0.2,0.1,0.1,6.8e-06,3.101,38.18,-0.276,1,0,0,0,0,1,18.7648,0.65,0.4,0,0,0,0,0,0.0454484,0,50.6435,-3,5.1056,15,-999,-999,40.2165,-4,4.94653,14,-99,99,164190000,631.016,6.50576e-15,0,-13.6599,NA,NA,536.991,164.867,NA,NA,NA,NA,NA,-57.284,0,0.0997172,0.00199434,0,0,0.6271,40.40667,99.30118,99.76163,0.86529,10,10,"A30-C10-D0-L30-E0-F0-I0-R0-cos",20,"A30","C10","D0","L30","E0","F0","I0","R0","cos",6.11948e-08,"#V3.24O",0.333333333333333,FALSE
1417700000,164180000,4084110000,0.349065034977021,0,0.2,20,132,0.2,0.1,0.1,6.8e-06,3.101,38.18,-0.276,1,0,0,0,0,1,18.7,0.65,0.4,0,0,0,0,0,0,0,50.8,-3,5.1,15,-999,-999,41.8,-4,5.2,14,-99,99,164190000,214285,9.5472e-07,0,-20.9227,NA,NA,252.551,214053,NA,NA,NA,NA,NA,0,0,0,0,0,0,1503200000,174433000,4332340000,0.289972624493922,0,0.2,20,132,0.2,0.1,0.1,6.8e-06,3.101,38.18,-0.276,1,0,0,0,0,1,18.759,0.65,0.4,0,0,0,0,0,0.00990098,0,50.6885,-3,5.04343,15,-999,-999,41.4613,-4,5.08729,14,-99,99,164190000,619.801,4.11444e-14,0,-14.1272,NA,NA,532.462,159.562,NA,NA,NA,NA,NA,-58.1955,0,0.0968191,0.00193638,0,0,0.6271,40.40667,99.30118,99.76163,0.86529,10,10,"A30-C10-D0-L30-E0-F0-I0-R0-cos",21,"A30","C10","D0","L30","E0","F0","I0","R0","cos",0.000125284,"#V3.24O",0.316666666666667,FALSE
1417700000,164180000,4084110000,0.349065034977021,0,0.2,20,132,0.2,0.1,0.1,6.8e-06,3.101,38.18,-0.276,1,0,0,0,0,1,18.7,0.65,0.4,0,0,0,0,0,0,0,50.8,-3,5.1,15,-999,-999,41.8,-4,5.2,14,-99,99,164190000,214285,9.5472e-07,0,-20.9227,NA,NA,252.551,214053,NA,NA,NA,NA,NA,0,0,0,0,0,0,1530070000,176701000,4406100000,0.331765052994712,0,0.2,20,132,0.2,0.1,0.1,6.8e-06,3.101,38.18,-0.276,1,0,0,0,0,1,18.7759,0.65,0.4,0,0,0,0,0,-0.113988,0,49.1424,-3,4.8855,15,-999,-999,42.3398,-4,5.30766,14,-99,99,164190000,642.411,8.72048e-15,0,-17.4185,NA,NA,524.712,191.95,NA,NA,NA,NA,NA,-56.9321,0,0.0971363,0.00194273,0,0,0.6271,40.40667,99.30118,99.76163,0.86529,10,10,"A30-C10-D0-L30-E0-F0-I0-R0-cos",22,"A30","C10","D0","L30","E0","F0","I0","R0","cos",9.47557e-07,"#V3.24O",0.333333333333333,FALSE
1417700000,164180000,4084110000,0.349065034977021,0,0.2,20,132,0.2,0.1,0.1,6.8e-06,3.101,38.18,-0.276,1,0,0,0,0,1,18.7,0.65,0.4,0,0,0,0,0,0,0,50.8,-3,5.1,15,-999,-999,41.8,-4,5.2,14,-99,99,164190000,214285,9.5472e-07,0,-20.9227,NA,NA,252.551,214053,NA,NA,NA,NA,NA,0,0,0,0,0,0,1543510000,177360000,4440370000,0.350130732348881,0,0.2,20,132,0.2,0.1,0.1,6.8e-06,3.101,38.18,-0.276,1,0,0,0,0,1,18.7836,0.65,0.4,0,0,0,0,0,-0.0251905,0,48.4391,-3,4.87292,15,-999,-999,42.8705,-4,5.30718,14,-99,99,164190000,642.789,5.22461e-15,0,-12.4293,NA,NA,553.147,158.028,NA,NA,NA,NA,NA,-56.0554,0,0.0972198,0.0019444,0,0,0.6271,40.40667,99.30118,99.76163,0.86529,10,10,"A30-C10-D0-L30-E0-F0-I0-R0-cos",23,"A30","C10","D0","L30","E0","F0","I0","R0","cos",0.000677428,"#V3.24O",0.316666666666667,FALSE
1417700000,164180000,4084110000,0.349065034977021,0,0.2,20,132,0.2,0.1,0.1,6.8e-06,3.101,38.18,-0.276,1,0,0,0,0,1,18.7,0.65,0.4,0,0,0,0,0,0,0,50.8,-3,5.1,15,-999,-999,41.8,-4,5.2,14,-99,99,164190000,214285,9.5472e-07,0,-20.9227,NA,NA,252.551,214053,NA,NA,NA,NA,NA,0,0,0,0,0,0,1543150000,177701000,4441080000,0.346575607735055,0,0.2,20,132,0.2,0.1,0.1,6.8e-06,3.101,38.18,-0.276,1,0,0,0,0,1,18.7838,0.65,0.4,0,0,0,0,0,-0.155067,0,49.1061,-3,4.93857,15,-999,-999,40.2706,-4,4.82345,14,-99,99,164190000,615.762,1.57167e-14,0,-9.21283,NA,NA,511.503,167.877,NA,NA,NA,NA,NA,-54.5099,0,0.102684,0.00205369,0,0,0.6271,40.40667,99.30118,99.76163,0.86529,10,10,"A30-C10-D0-L30-E0-F0-I0-R0-cos",24,"A30","C10","D0","L30","E0","F0","I0","R0","cos",8.83858e-07,"#V3.24O",0.333333333333333,FALSE
1417700000,164180000,4084110000,0.349065034977021,0,0.2,20,132,0.2,0.1,0.1,6.8e-06,3.101,38.18,-0.276,1,0,0,0,0,1,18.7,0.65,0.4,0,0,0,0,0,0,0,50.8,-3,5.1,15,-999,-999,41.8,-4,5.2,14,-99,99,164190000,214285,9.5472e-07,0,-20.9227,NA,NA,252.551,214053,NA,NA,NA,NA,NA,0,0,0,0,0,0,1516570000,175884000,4370110000,0.32679955424463,0,0.2,20,132,0.2,0.1,0.1,6.8e-06,3.101,38.18,-0.276,1,0,0,0,0,1,18.7677,0.65,0.4,0,0,0,0,0,-0.0882149,0,51.089,-3,5.11853,15,-999,-999,39.7837,-4,4.79236,14,-99,99,164190000,569.679,1.36449e-14,0,-14.8141,NA,NA,483.24,159.115,NA,NA,NA,NA,NA,-57.9642,0,0.100501,0.00201002,0,0,0.6271,40.40667,99.30118,99.76163,0.86529,10,10,"A30-C10-D0-L30-E0-F0-I0-R0-cos",25,"A30","C10","D0","L30","E0","F0","I0","R0","cos",2.02564e-06,"#V3.24O",0.333333333333333,FALSE
1417700000,164180000,4084110000,0.349065034977021,0,0.2,20,132,0.2,0.1,0.1,6.8e-06,3.101,38.18,-0.276,1,0,0,0,0,1,18.7,0.65,0.4,0,0,0,0,0,0,0,50.8,-3,5.1,15,-999,-999,41.8,-4,5.2,14,-99,99,164190000,214285,9.5472e-07,0,-20.9227,NA,NA,252.551,214053,NA,NA,NA,NA,NA,0,0,0,0,0,0,1463770000,169823000,4218720000,0.251901050555619,0,0.2,20,132,0.2,0.1,0.1,6.8e-06,3.101,38.18,-0.276,1,0,0,0,0,1,18.7324,0.65,0.4,0,0,0,0,0,0.0672179,0,50.3198,-3,4.98696,15,-999,-999,42.2302,-4,5.23566,14,-99,99,164190000,605.248,4.18647e-14,0,-16.1369,NA,NA,516.568,163.288,NA,NA,NA,NA,NA,-58.569,0,0.0955518,0.00191104,0,0,0.6271,40.40667,99.30118,99.76163,0.86529,10,10,"A30-C10-D0-L30-E0-F0-I0-R0-cos",26,"A30","C10","D0","L30","E0","F0","I0","R0","cos",2.33571e-07,"#V3.24O",0.333333333333333,FALSE
1417700000,164180000,4084110000,0.349065034977021,0,0.2,20,132,0.2,0.1,0.1,6.8e-06,3.101,38.18,-0.276,1,0,0,0,0,1,18.7,0.65,0.4,0,0,0,0,0,0,0,50.8,-3,5.1,15,-999,-999,41.8,-4,5.2,14,-99,99,164190000,214285,9.5472e-07,0,-20.9227,NA,NA,252.551,214053,NA,NA,NA,NA,NA,0,0,0,0,0,0,1490440000,171938000,4290470000,0.292201087526541,0,0.2,20,132,0.2,0.1,0.1,6.8e-06,3.101,38.18,-0.276,1,0,0,0,0,1,18.7493,0.65,0.4,0,0,0,0,0,0.104374,0,50.22,-3,5.08175,15,-999,-999,41.2365,-4,5.17178,14,-99,99,164190000,632.269,1.25673e-14,0,-11.6642,NA,NA,551.678,150.289,NA,NA,NA,NA,NA,-58.1332,0,0.0975608,0.00195122,0,0,0.6271,40.40667,99.30118,99.76163,0.86529,10,10,"A30-C10-D0-L30-E0-F0-I0-R0-cos",27,"A30","C10","D0","L30","E0","F0","I0","R0","cos",4.24109e-07,"#V3.24O",0.316666666666667,FALSE
1417700000,164180000,4084110000,0.349065034977021,0,0.2,20,132,0.2,0.1,0.1,6.8e-06,3.101,38.18,-0.276,1,0,0,0,0,1,18.7,0.65,0.4,0,0,0,0,0,0,0,50.8,-3,5.1,15,-999,-999,41.8,-4,5.2,14,-99,99,164190000,214285,9.5472e-07,0,-20.9227,NA,NA,252.551,214053,NA,NA,NA,NA,NA,0,0,0,0,0,0,1480300000,172975000,4271160000,0.313081223836148,0,0.2,20,132,0.2,0.1,0.1,6.8e-06,3.101,38.18,-0.276,1,0,0,0,0,1,18.7448,0.65,0.4,0,0,0,0,0,0.01664,0,52.9364,-3,5.26825,15,-999,-999,39.3419,-4,4.63353,14,-99,99,164190000,620.264,1.98857e-14,0,-16.982,NA,NA,512.332,180.895,NA,NA,NA,NA,NA,-56.083,0,0.0991557,0.00198311,0,0,0.6271,40.40667,99.30118,99.76163,0.86529,10,10,"A30-C10-D0-L30-E0-F0-I0-R0-cos",28,"A30","C10","D0","L30","E0","F0","I0","R0","cos",5.50876e-05,"#V3.24O",0.316666666666667,FALSE
1417700000,164180000,4084110000,0.349065034977021,0,0.2,20,132,0.2,0.1,0.1,6.8e-06,3.101,38.18,-0.276,1,0,0,0,0,1,18.7,0.65,0.4,0,0,0,0,0,0,0,50.8,-3,5.1,15,-999,-999,41.8,-4,5.2,14,-99,99,164190000,214285,9.5472e-07,0,-20.9227,NA,NA,252.551,214053,NA,NA,NA,NA,NA,0,0,0,0,0,0,1559570000,180265000,4491320000,0.371603448429415,0,0.2,20,132,0.2,0.1,0.1,6.8e-06,3.101,38.18,-0.276,1,0,0,0,0,1,18.795,0.65,0.4,0,0,0,0,0,-0.0669332,0,50.2588,-3,5.05068,15,-999,-999,42.3284,-4,5.35559,14,-99,99,164190000,645.469,1.12969e-14,0,-8.68723,NA,NA,518.886,191.032,NA,NA,NA,NA,NA,-55.8573,0,0.0949137,0.00189827,0,0,0.6271,40.40667,99.30118,99.76163,0.86529,10,10,"A30-C10-D0-L30-E0-F0-I0-R0-cos",29,"A30","C10","D0","L30","E0","F0","I0","R0","cos",2.75025e-06,"#V3.24O",0.316666666666667,FALSE
1417700000,164180000,4084110000,0.349065034977021,0,0.2,20,132,0.2,0.1,0.1,6.8e-06,3.101,38.18,-0.276,1,0,0,0,0,1,18.7,0.65,0.4,0,0,0,0,0,0,0,50.8,-3,5.1,15,-999,-999,41.8,-4,5.2,14,-99,99,164190000,214285,9.5472e-07,0,-20.9227,NA,NA,252.551,214053,NA,NA,NA,NA,NA,0,0,0,0,0,0,1487730000,173402000,4290160000,0.289774740336025,0,0.2,20,132,0.2,0.1,0.1,6.8e-06,3.101,38.18,-0.276,1,0,0,0,0,1,18.7492,0.65,0.4,0,0,0,0,0,-0.0264115,0,53.1699,-3,5.34622,15,-999,-999,40.7323,-4,4.92485,14,-99,99,164190000,687.187,1.15388e-14,0,-16.95,NA,NA,593.571,168.857,NA,NA,NA,NA,NA,-58.3882,0,0.0946684,0.00189337,0,0,0.6271,40.40667,99.30118,99.76163,0.86529,10,10,"A30-C10-D0-L30-E0-F0-I0-R0-cos",30,"A30","C10","D0","L30","E0","F0","I0","R0","cos",9.50534e-05,"#V3.24O",0.316666666666667,FALSE
1417700000,164180000,4084110000,0.349065034977021,0,0.2,20,132,0.2,0.1,0.1,6.8e-06,3.101,38.18,-0.276,1,0,0,0,0,1,18.7,0.65,0.4,0,0,0,0,0,0,0,50.8,-3,5.1,15,-999,-999,41.8,-4,5.2,14,-99,99,164190000,214285,9.5472e-07,0,-20.9227,NA,NA,252.551,214053,NA,NA,NA,NA,NA,0,0,0,0,0,0,1529810000,176321000,4403360000,0.29665755241452,0,0.2,20,132,0.2,0.1,0.1,6.8e-06,3.101,38.18,-0.276,1,0,0,0,0,1,18.7753,0.65,0.4,0,0,0,0,0,-0.0260217,0,49.4548,-3,4.97749,15,-999,-999,41.8355,-4,5.1161,14,-99,99,164190000,629.043,9.79312e-15,0,-15.8244,NA,NA,527.728,174.449,NA,NA,NA,NA,NA,-57.4098,0,0.097932,0.00195864,0,0,0.6271,40.40667,99.30118,99.76163,0.86529,10,10,"A30-C10-D0-L30-E0-F0-I0-R0-cos",31,"A30","C10","D0","L30","E0","F0","I0","R0","cos",6.03602e-05,"#V3.24O",0.333333333333333,FALSE
1417700000,164180000,4084110000,0.349065034977021,0,0.2,20,132,0.2,0.1,0.1,6.8e-06,3.101,38.18,-0.276,1,0,0,0,0,1,18.7,0.65,0.4,0,0,0,0,0,0,0,50.8,-3,5.1,15,-999,-999,41.8,-4,5.2,14,-99,99,164190000,214285,9.5472e-07,0,-20.9227,NA,NA,252.551,214053,NA,NA,NA,NA,NA,0,0,0,0,0,0,1476600000,172704000,4260290000,0.28575284781083,0,0.2,20,132,0.2,0.1,0.1,6.8e-06,3.101,38.18,-0.276,1,0,0,0,0,1,18.7422,0.65,0.4,0,0,0,0,0,0.081398,0,54.4052,-3,5.46655,15,-999,-999,41.7543,-4,5.19675,14,-99,99,164190000,588.479,1.92399e-14,0,-17.7003,NA,NA,503.338,159.038,NA,NA,NA,NA,NA,-56.2889,0,0.0899216,0.00179843,0,0,0.6271,40.40667,99.30118,99.76163,0.86529,10,10,"A30-C10-D0-L30-E0-F0-I0-R0-cos",32,"A30","C10","D0","L30","E0","F0","I0","R0","cos",3.00479e-05,"#V3.24O",0.333333333333333,FALSE
1417700000,164180000,4084110000,0.349065034977021,0,0.2,20,132,0.2,0.1,0.1,6.8e-06,3.101,38.18,-0.276,1,0,0,0,0,1,18.7,0.65,0.4,0,0,0,0,0,0,0,50.8,-3,5.1,15,-999,-999,41.8,-4,5.2,14,-99,99,164190000,214285,9.5472e-07,0,-20.9227,NA,NA,252.551,214053,NA,NA,NA,NA,NA,0,0,0,0,0,0,1496800000,173307000,4311930000,0.297432936063433,0,0.2,20,132,0.2,0.1,0.1,6.8e-06,3.101,38.18,-0.276,1,0,0,0,0,1,18.7543,0.65,0.4,0,0,0,0,0,0.0482119,0,50.5954,-3,5.07129,15,-999,-999,44.135,-4,5.55286,14,-99,99,164190000,633.491,1.26152e-14,0,-11.512,NA,NA,551.412,151.008,NA,NA,NA,NA,NA,-57.5093,0,0.0905339,0.00181068,0,0,0.6271,40.40667,99.30118,99.76163,0.86529,10,10,"A30-C10-D0-L30-E0-F0-I0-R0-cos",33,"A30","C10","D0","L30","E0","F0","I0","R0","cos",2.11067e-05,"#V3.24O",0.316666666666667,FALSE
1417700000,164180000,4084110000,0.349065034977021,0,0.2,20,132,0.2,0.1,0.1,6.8e-06,3.101,38.18,-0.276,1,0,0,0,0,1,18.7,0.65,0.4,0,0,0,0,0,0,0,50.8,-3,5.1,15,-999,-999,41.8,-4,5.2,14,-99,99,164190000,214285,9.5472e-07,0,-20.9227,NA,NA,252.551,214053,NA,NA,NA,NA,NA,0,0,0,0,0,0,1505330000,174755000,4337790000,0.319134858995018,0,0.2,20,132,0.2,0.1,0.1,6.8e-06,3.101,38.18,-0.276,1,0,0,0,0,1,18.7603,0.65,0.4,0,0,0,0,0,-0.0306538,0,52.4411,-3,5.30642,15,-999,-999,41.0723,-4,5.02516,14,-99,99,164190000,580.419,8.20309e-15,0,-15.7907,NA,NA,497.804,154.243,NA,NA,NA,NA,NA,-55.934,0,0.0946925,0.00189385,0,0,0.6271,40.40667,99.30118,99.76163,0.86529,10,10,"A30-C10-D0-L30-E0-F0-I0-R0-cos",34,"A30","C10","D0","L30","E0","F0","I0","R0","cos",9.55527e-05,"#V3.24O",0.333333333333333,FALSE
1417700000,164180000,4084110000,0.349065034977021,0,0.2,20,132,0.2,0.1,0.1,6.8e-06,3.101,38.18,-0.276,1,0,0,0,0,1,18.7,0.65,0.4,0,0,0,0,0,0,0,50.8,-3,5.1,15,-999,-999,41.8,-4,5.2,14,-99,99,164190000,214285,9.5472e-07,0,-20.9227,NA,NA,252.551,214053,NA,NA,NA,NA,NA,0,0,0,0,0,0,1531980000,176835000,4410480000,0.336330739511346,0,0.2,20,132,0.2,0.1,0.1,6.8e-06,3.101,38.18,-0.276,1,0,0,0,0,1,18.7769,0.65,0.4,0,0,0,0,0,-0.0481362,0,50.4472,-3,5.10608,15,-999,-999,41.8086,-4,5.12659,14,-99,99,164190000,610.696,9.36243e-15,0,-14.933,NA,NA,506.143,176.213,NA,NA,NA,NA,NA,-56.8251,0,0.0961562,0.00192312,0,0,0.6271,40.40667,99.30118,99.76163,0.86529,10,10,"A30-C10-D0-L30-E0-F0-I0-R0-cos",35,"A30","C10","D0","L30","E0","F0","I0","R0","cos",0.000407516,"#V3.24O",0.35,FALSE
1417700000,164180000,4084110000,0.349065034977021,0,0.2,20,132,0.2,0.1,0.1,6.8e-06,3.101,38.18,-0.276,1,0,0,0,0,1,18.7,0.65,0.4,0,0,0,0,0,0,0,50.8,-3,5.1,15,-999,-999,41.8,-4,5.2,14,-99,99,164190000,214285,9.5472e-07,0,-20.9227,NA,NA,252.551,214053,NA,NA,NA,NA,NA,0,0,0,0,0,0,1485090000,172268000,4279510000,0.307593626373113,0,0.2,20,132,0.2,0.1,0.1,6.8e-06,3.101,38.18,-0.276,1,0,0,0,0,1,18.7467,0.65,0.4,0,0,0,0,0,-0.0152033,0,51.2069,-3,5.13325,15,-999,-999,44.5816,-4,5.82987,14,-99,99,164190000,634.342,8.21667e-15,0,-17.7443,NA,NA,545.942,163.697,NA,NA,NA,NA,NA,-57.6428,0,0.0880292,0.00176058,0,0,0.6271,40.40667,99.30118,99.76163,0.86529,10,10,"A30-C10-D0-L30-E0-F0-I0-R0-cos",36,"A30","C10","D0","L30","E0","F0","I0","R0","cos",0.000219239,"#V3.24O",0.316666666666667,FALSE
1417700000,164180000,4084110000,0.349065034977021,0,0.2,20,132,0.2,0.1,0.1,6.8e-06,3.101,38.18,-0.276,1,0,0,0,0,1,18.7,0.65,0.4,0,0,0,0,0,0,0,50.8,-3,5.1,15,-999,-999,41.8,-4,5.2,14,-99,99,164190000,214285,9.5472e-07,0,-20.9227,NA,NA,252.551,214053,NA,NA,NA,NA,NA,0,0,0,0,0,0,1495050000,171124000,4298380000,0.27179076768457,0,0.2,20,132,0.2,0.1,0.1,6.8e-06,3.101,38.18,-0.276,1,0,0,0,0,1,18.7511,0.65,0.4,0,0,0,0,0,0.0893152,0,45.3288,-3,4.41396,15,-999,-999,47.5148,-4,6.48833,14,-99,99,164190000,635.488,2.53702e-14,0,-18.5007,NA,NA,523.394,187.889,NA,NA,NA,NA,NA,-57.3885,0,0.0931583,0.00186317,0,0,0.6271,40.40667,99.30118,99.76163,0.86529,10,10,"A30-C10-D0-L30-E0-F0-I0-R0-cos",37,"A30","C10","D0","L30","E0","F0","I0","R0","cos",7.04093e-07,"#V3.24O",0.333333333333333,FALSE
1417700000,164180000,4084110000,0.349065034977021,0,0.2,20,132,0.2,0.1,0.1,6.8e-06,3.101,38.18,-0.276,1,0,0,0,0,1,18.7,0.65,0.4,0,0,0,0,0,0,0,50.8,-3,5.1,15,-999,-999,41.8,-4,5.2,14,-99,99,164190000,214285,9.5472e-07,0,-20.9227,NA,NA,252.551,214053,NA,NA,NA,NA,NA,0,0,0,0,0,0,1506450000,175004000,4341430000,0.347841609792165,0,0.2,20,132,0.2,0.1,0.1,6.8e-06,3.101,38.18,-0.276,1,0,0,0,0,1,18.7611,0.65,0.4,0,0,0,0,0,-0.0985718,0,52.7498,-3,5.34008,15,-999,-999,41.9979,-4,5.22364,14,-99,99,164190000,600.242,1.18174e-14,0,-12.1188,NA,NA,516.373,151.904,NA,NA,NA,NA,NA,-56.0093,0,0.0917584,0.00183517,0,0,0.6271,40.40667,99.30118,99.76163,0.86529,10,10,"A30-C10-D0-L30-E0-F0-I0-R0-cos",38,"A30","C10","D0","L30","E0","F0","I0","R0","cos",9.25041e-07,"#V3.24O",0.333333333333333,FALSE
1417700000,164180000,4084110000,0.349065034977021,0,0.2,20,132,0.2,0.1,0.1,6.8e-06,3.101,38.18,-0.276,1,0,0,0,0,1,18.7,0.65,0.4,0,0,0,0,0,0,0,50.8,-3,5.1,15,-999,-999,41.8,-4,5.2,14,-99,99,164190000,214285,9.5472e-07,0,-20.9227,NA,NA,252.551,214053,NA,NA,NA,NA,NA,0,0,0,0,0,0,1547300000,179366000,4457860000,0.326356143979398,0,0.2,20,132,0.2,0.1,0.1,6.8e-06,3.101,38.18,-0.276,1,0,0,0,0,1,18.7876,0.65,0.4,0,0,0,0,0,0.0249917,0,51.6849,-3,5.21875,15,-999,-999,42.4171,-4,5.31682,14,-99,99,164190000,625.078,5.79353e-15,0,-16.8807,NA,NA,523.601,175.004,NA,NA,NA,NA,NA,-56.7398,0,0.0924113,0.00184823,0,0,0.6271,40.40667,99.30118,99.76163,0.86529,10,10,"A30-C10-D0-L30-E0-F0-I0-R0-cos",39,"A30","C10","D0","L30","E0","F0","I0","R0","cos",5.92721e-05,"#V3.24O",0.316666666666667,FALSE
1417700000,164180000,4084110000,0.349065034977021,0,0.2,20,132,0.2,0.1,0.1,6.8e-06,3.101,38.18,-0.276,1,0,0,0,0,1,18.7,0.65,0.4,0,0,0,0,0,0,0,50.8,-3,5.1,15,-999,-999,41.8,-4,5.2,14,-99,99,164190000,214285,9.5472e-07,0,-20.9227,NA,NA,252.551,214053,NA,NA,NA,NA,NA,0,0,0,0,0,0,1534990000,178672000,4425940000,0.339950383421375,0,0.2,20,132,0.2,0.1,0.1,6.8e-06,3.101,38.18,-0.276,1,0,0,0,0,1,18.7804,0.65,0.4,0,0,0,0,0,0.00843049,0,52.0907,-3,5.20746,15,-999,-999,42.8562,-4,5.43104,14,-99,99,164190000,612.245,1.27277e-14,0,-16.1774,NA,NA,522.1,163.642,NA,NA,NA,NA,NA,-57.4123,0,0.0907624,0.00181525,0,0,0.6271,40.40667,99.30118,99.76163,0.86529,10,10,"A30-C10-D0-L30-E0-F0-I0-R0-cos",40,"A30","C10","D0","L30","E0","F0","I0","R0","cos",1.8745e-07,"#V3.24O",0.316666666666667,FALSE
1417700000,164180000,4084110000,0.349065034977021,0,0.2,20,132,0.2,0.1,0.1,6.8e-06,3.101,38.18,-0.276,1,0,0,0,0,1,18.7,0.65,0.4,0,0,0,0,0,0,0,50.8,-3,5.1,15,-999,-999,41.8,-4,5.2,14,-99,99,164190000,214285,9.5472e-07,0,-20.9227,NA,NA,252.551,214053,NA,NA,NA,NA,NA,0,0,0,0,0,0,1486180000,172583000,4283420000,0.240599801093519,0,0.2,20,132,0.2,0.1,0.1,6.8e-06,3.101,38.18,-0.276,1,0,0,0,0,1,18.7476,0.65,0.4,0,0,0,0,0,0.0954456,0,51.568,-3,5.16938,15,-999,-999,42.2911,-4,5.22816,14,-99,99,164190000,677.042,4.88395e-14,0,-16.7798,NA,NA,561.665,189.643,NA,NA,NA,NA,NA,-57.5809,0,0.0932057,0.00186411,0,0,0.6271,40.40667,99.30118,99.76163,0.86529,10,10,"A30-C10-D0-L30-E0-F0-I0-R0-cos",41,"A30","C10","D0","L30","E0","F0","I0","R0","cos",2.53406e-06,"#V3.24O",0.316666666666667,FALSE
1417700000,164180000,4084110000,0.349065034977021,0,0.2,20,132,0.2,0.1,0.1,6.8e-06,3.101,38.18,-0.276,1,0,0,0,0,1,18.7,0.65,0.4,0,0,0,0,0,0,0,50.8,-3,5.1,15,-999,-999,41.8,-4,5.2,14,-99,99,164190000,214285,9.5472e-07,0,-20.9227,NA,NA,252.551,214053,NA,NA,NA,NA,NA,0,0,0,0,0,0,1448870000,167536000,4172500000,0.234172558418214,0,0.2,20,132,0.2,0.1,0.1,6.8e-06,3.101,38.18,-0.276,1,0,0,0,0,1,18.7214,0.65,0.4,0,0,0,0,0,0.0847179,0,50.9422,-3,5.15028,15,-999,-999,40.5971,-4,4.94632,14,-99,99,164190000,609.759,9.05985e-14,0,-10.0088,NA,NA,507.355,168.532,NA,NA,NA,NA,NA,-56.2193,0,0.0983629,0.00196726,0,0,0.6271,40.40667,99.30118,99.76163,0.86529,10,10,"A30-C10-D0-L30-E0-F0-I0-R0-cos",42,"A30","C10","D0","L30","E0","F0","I0","R0","cos",5.51534e-06,"#V3.24O",0.333333333333333,FALSE
1417700000,164180000,4084110000,0.349065034977021,0,0.2,20,132,0.2,0.1,0.1,6.8e-06,3.101,38.18,-0.276,1,0,0,0,0,1,18.7,0.65,0.4,0,0,0,0,0,0,0,50.8,-3,5.1,15,-999,-999,41.8,-4,5.2,14,-99,99,164190000,214285,9.5472e-07,0,-20.9227,NA,NA,252.551,214053,NA,NA,NA,NA,NA,0,0,0,0,0,0,1502710000,176269000,4338170000,0.331061253938873,0,0.2,20,132,0.2,0.1,0.1,6.8e-06,3.101,38.18,-0.276,1,0,0,0,0,1,18.7603,0.65,0.4,0,0,0,0,0,0.0779327,0,54.4853,-3,5.43212,15,-999,-999,45.5416,-4,5.93563,14,-99,99,164190000,614.731,1.59307e-14,0,-15.7661,NA,NA,542.987,143.304,NA,NA,NA,NA,NA,-55.877,0,0.0811515,0.00162303,0,0,0.6271,40.40667,99.30118,99.76163,0.86529,10,10,"A30-C10-D0-L30-E0-F0-I0-R0-cos",43,"A30","C10","D0","L30","E0","F0","I0","R0","cos",1.62061e-05,"#V3.24O",0.316666666666667,FALSE
1417700000,164180000,4084110000,0.349065034977021,0,0.2,20,132,0.2,0.1,0.1,6.8e-06,3.101,38.18,-0.276,1,0,0,0,0,1,18.7,0.65,0.4,0,0,0,0,0,0,0,50.8,-3,5.1,15,-999,-999,41.8,-4,5.2,14,-99,99,164190000,214285,9.5472e-07,0,-20.9227,NA,NA,252.551,214053,NA,NA,NA,NA,NA,0,0,0,0,0,0,1516350000,175721000,4368170000,0.299850967338725,0,0.2,20,132,0.2,0.1,0.1,6.8e-06,3.101,38.18,-0.276,1,0,0,0,0,1,18.7672,0.65,0.4,0,0,0,0,0,-0.0605631,0,52.0248,-3,5.27529,15,-999,-999,42.2459,-4,5.2934,14,-99,99,164190000,569.454,1.22498e-14,0,-15.0114,NA,NA,477.489,164.085,NA,NA,NA,NA,NA,-57.2019,0,0.0921962,0.00184392,0,0,0.6271,40.40667,99.30118,99.76163,0.86529,10,10,"A30-C10-D0-L30-E0-F0-I0-R0-cos",44,"A30","C10","D0","L30","E0","F0","I0","R0","cos",5.27401e-05,"#V3.24O",0.316666666666667,FALSE
1417700000,164180000,4084110000,0.349065034977021,0,0.2,20,132,0.2,0.1,0.1,6.8e-06,3.101,38.18,-0.276,1,0,0,0,0,1,18.7,0.65,0.4,0,0,0,0,0,0,0,50.8,-3,5.1,15,-999,-999,41.8,-4,5.2,14,-99,99,164190000,214285,9.5472e-07,0,-20.9227,NA,NA,252.551,214053,NA,NA,NA,NA,NA,0,0,0,0,0,0,1536490000,178700000,4429900000,0.33666674191291,0,0.2,20,132,0.2,0.1,0.1,6.8e-06,3.101,38.18,-0.276,1,0,0,0,0,1,18.7813,0.65,0.4,0,0,0,0,0,-0.0981226,0,51.4729,-3,5.1259,15,-999,-999,40.969,-4,5.0251,14,-99,99,164190000,607.829,4.52259e-15,0,-19.8865,NA,NA,523.486,161.705,NA,NA,NA,NA,NA,-57.5739,0,0.0966993,0.00193399,0,0,0.6271,40.40667,99.30118,99.76163,0.86529,10,10,"A30-C10-D0-L30-E0-F0-I0-R0-cos",45,"A30","C10","D0","L30","E0","F0","I0","R0","cos",2.68042e-07,"#V3.24O",0.333333333333333,FALSE
1417700000,164180000,4084110000,0.349065034977021,0,0.2,20,132,0.2,0.1,0.1,6.8e-06,3.101,38.18,-0.276,1,0,0,0,0,1,18.7,0.65,0.4,0,0,0,0,0,0,0,50.8,-3,5.1,15,-999,-999,41.8,-4,5.2,14,-99,99,164190000,214285,9.5472e-07,0,-20.9227,NA,NA,252.551,214053,NA,NA,NA,NA,NA,0,0,0,0,0,0,1486340000,172653000,4284590000,0.309261796344574,0,0.2,20,132,0.2,0.1,0.1,6.8e-06,3.101,38.18,-0.276,1,0,0,0,0,1,18.7479,0.65,0.4,0,0,0,0,0,0.0534069,0,50.8105,-3,5.04314,15,-999,-999,41.6515,-4,5.15389,14,-99,99,164190000,659.357,1.39444e-14,0,-18.5173,NA,NA,557.739,174.864,NA,NA,NA,NA,NA,-54.8263,0,0.096074,0.00192148,0,0,0.6271,40.40667,99.30118,99.76163,0.86529,10,10,"A30-C10-D0-L30-E0-F0-I0-R0-cos",46,"A30","C10","D0","L30","E0","F0","I0","R0","cos",4.02727e-06,"#V3.24O",0.333333333333333,FALSE
1417700000,164180000,4084110000,0.349065034977021,0,0.2,20,132,0.2,0.1,0.1,6.8e-06,3.101,38.18,-0.276,1,0,0,0,0,1,18.7,0.65,0.4,0,0,0,0,0,0,0,50.8,-3,5.1,15,-999,-999,41.8,-4,5.2,14,-99,99,164190000,214285,9.5472e-07,0,-20.9227,NA,NA,252.551,214053,NA,NA,NA,NA,NA,0,0,0,0,0,0,1500100000,172631000,4317080000,0.289054175507519,0,0.2,20,132,0.2,0.1,0.1,6.8e-06,3.101,38.18,-0.276,1,0,0,0,0,1,18.7555,0.65,0.4,0,0,0,0,0,0.0786999,0,47.8953,-3,4.74903,15,-999,-999,41.1137,-4,5.06817,14,-99,99,164190000,647.389,1.59659e-14,0,-10.7406,NA,NA,541.519,174.069,NA,NA,NA,NA,NA,-57.5636,0,0.102581,0.00205162,0,0,0.6271,40.40667,99.30118,99.76163,0.86529,10,10,"A30-C10-D0-L30-E0-F0-I0-R0-cos",47,"A30","C10","D0","L30","E0","F0","I0","R0","cos",1.54928e-05,"#V3.24O",0.333333333333333,FALSE
1417700000,164180000,4084110000,0.349065034977021,0,0.2,20,132,0.2,0.1,0.1,6.8e-06,3.101,38.18,-0.276,1,0,0,0,0,1,18.7,0.65,0.4,0,0,0,0,0,0,0,50.8,-3,5.1,15,-999,-999,41.8,-4,5.2,14,-99,99,164190000,214285,9.5472e-07,0,-20.9227,NA,NA,252.551,214053,NA,NA,NA,NA,NA,0,0,0,0,0,0,1486700000,173040000,4286450000,0.317843436876669,0,0.2,20,132,0.2,0.1,0.1,6.8e-06,3.101,38.18,-0.276,1,0,0,0,0,1,18.7484,0.65,0.4,0,0,0,0,0,0.0188181,0,52.4223,-3,5.25924,15,-999,-999,41.6078,-4,5.12128,14,-99,99,164190000,623.855,1.18854e-14,0,-16.723,NA,NA,544.075,153.618,NA,NA,NA,NA,NA,-57.2099,0,0.0934776,0.00186955,0,0,0.6271,40.40667,99.30118,99.76163,0.86529,10,10,"A30-C10-D0-L30-E0-F0-I0-R0-cos",48,"A30","C10","D0","L30","E0","F0","I0","R0","cos",6.13411e-08,"#V3.24O",0.333333333333333,FALSE
1417700000,164180000,4084110000,0.349065034977021,0,0.2,20,132,0.2,0.1,0.1,6.8e-06,3.101,38.18,-0.276,1,0,0,0,0,1,18.7,0.65,0.4,0,0,0,0,0,0,0,50.8,-3,5.1,15,-999,-999,41.8,-4,5.2,14,-99,99,164190000,214285,9.5472e-07,0,-20.9227,NA,NA,252.551,214053,NA,NA,NA,NA,NA,0,0,0,0,0,0,1501440000,174731000,4328940000,0.301819845042897,0,0.2,20,132,0.2,0.1,0.1,6.8e-06,3.101,38.18,-0.276,1,0,0,0,0,1,18.7582,0.65,0.4,0,0,0,0,0,0.0539757,0,52.2199,-3,5.23089,15,-999,-999,41.0116,-4,5.04205,14,-99,99,164190000,608.788,2.23381e-14,0,-10.7946,NA,NA,507.667,168.613,NA,NA,NA,NA,NA,-56.7948,0,0.0952685,0.00190537,0,0,0.6271,40.40667,99.30118,99.76163,0.86529,10,10,"A30-C10-D0-L30-E0-F0-I0-R0-cos",49,"A30","C10","D0","L30","E0","F0","I0","R0","cos",3.5436e-07,"#V3.24O",0.333333333333333,FALSE
1417700000,164180000,4084110000,0.349065034977021,0,0.2,20,132,0.2,0.1,0.1,6.8e-06,3.101,38.18,-0.276,1,0,0,0,0,1,18.7,0.65,0.4,0,0,0,0,0,0,0,50.8,-3,5.1,15,-999,-999,41.8,-4,5.2,14,-99,99,164190000,214285,9.5472e-07,0,-20.9227,NA,NA,252.551,214053,NA,NA,NA,NA,NA,0,0,0,0,0,0,1513790000,176109000,4364050000,0.338167527869754,0,0.2,20,132,0.2,0.1,0.1,6.8e-06,3.101,38.18,-0.276,1,0,0,0,0,1,18.7663,0.65,0.4,0,0,0,0,0,-0.0910624,0,52.5075,-3,5.2802,15,-999,-999,40.0508,-4,4.78625,14,-99,99,164190000,660.652,1.09973e-14,0,-15.6822,NA,NA,561.112,173.612,NA,NA,NA,NA,NA,-58.4894,0,0.0975905,0.00195181,0,0,0.6271,40.40667,99.30118,99.76163,0.86529,10,10,"A30-C10-D0-L30-E0-F0-I0-R0-cos",50,"A30","C10","D0","L30","E0","F0","I0","R0","cos",6.80351e-06,"#V3.24O",0.316666666666667,FALSE
1417700000,164180000,4084110000,0.349065034977021,0,0.2,20,132,0.2,0.1,0.1,6.8e-06,3.101,38.18,-0.276,1,0,0,0,0,1,18.7,0.65,0.4,0,0,0,0,0,0,0,50.8,-3,5.1,15,-999,-999,41.8,-4,5.2,14,-99,99,164190000,214285,9.5472e-07,0,-20.9227,NA,NA,252.551,214053,NA,NA,NA,NA,NA,0,0,0,0,0,0,1529010000,177461000,4405840000,0.357677537087139,0,0.2,20,132,0.2,0.1,0.1,6.8e-06,3.101,38.18,-0.276,1,0,0,0,0,1,18.7758,0.65,0.4,0,0,0,0,0,-0.034825,0,52.3869,-3,5.30249,15,-999,-999,42.1468,-4,5.23773,14,-99,99,164190000,611.309,8.87725e-15,0,-15.3,NA,NA,516.084,167.542,NA,NA,NA,NA,NA,-57.1106,0,0.091999,0.00183998,0,0,0.6271,40.40667,99.30118,99.76163,0.86529,10,10,"A30-C10-D0-L30-E0-F0-I0-R0-cos",51,"A30","C10","D0","L30","E0","F0","I0","R0","cos",3.87295e-05,"#V3.24O",0.316666666666667,FALSE
1417700000,164180000,4084110000,0.349065034977021,0,0.2,20,132,0.2,0.1,0.1,6.8e-06,3.101,38.18,-0.276,1,0,0,0,0,1,18.7,0.65,0.4,0,0,0,0,0,0,0,50.8,-3,5.1,15,-999,-999,41.8,-4,5.2,14,-99,99,164190000,214285,9.5472e-07,0,-20.9227,NA,NA,252.551,214053,NA,NA,NA,NA,NA,0,0,0,0,0,0,1521640000,176851000,4386560000,0.343221111759556,0,0.2,20,132,0.2,0.1,0.1,6.8e-06,3.101,38.18,-0.276,1,0,0,0,0,1,18.7714,0.65,0.4,0,0,0,0,0,-0.0568575,0,51.3072,-3,5.11261,15,-999,-999,42.5747,-4,5.42128,14,-99,99,164190000,621.141,4.47952e-15,0,-16.6643,NA,NA,523.733,172.073,NA,NA,NA,NA,NA,-58.0955,0,0.0926361,0.00185272,0,0,0.6271,40.40667,99.30118,99.76163,0.86529,10,10,"A30-C10-D0-L30-E0-F0-I0-R0-cos",52,"A30","C10","D0","L30","E0","F0","I0","R0","cos",9.58334e-05,"#V3.24O",0.333333333333333,FALSE
1417700000,164180000,4084110000,0.349065034977021,0,0.2,20,132,0.2,0.1,0.1,6.8e-06,3.101,38.18,-0.276,1,0,0,0,0,1,18.7,0.65,0.4,0,0,0,0,0,0,0,50.8,-3,5.1,15,-999,-999,41.8,-4,5.2,14,-99,99,164190000,214285,9.5472e-07,0,-20.9227,NA,NA,252.551,214053,NA,NA,NA,NA,NA,0,0,0,0,0,0,1471130000,170657000,4239290000,0.234254556777196,0,0.2,20,132,0.2,0.1,0.1,6.8e-06,3.101,38.18,-0.276,1,0,0,0,0,1,18.7373,0.65,0.4,0,0,0,0,0,0.122868,0,51.2759,-3,5.14315,15,-999,-999,44.5058,-4,5.77709,14,-99,99,164190000,597.415,7.04085e-14,0,-17.5603,NA,NA,505.917,166.461,NA,NA,NA,NA,NA,-57.4931,0,0.0881684,0.00176337,0,0,0.6271,40.40667,99.30118,99.76163,0.86529,10,10,"A30-C10-D0-L30-E0-F0-I0-R0-cos",53,"A30","C10","D0","L30","E0","F0","I0","R0","cos",6.35184e-07,"#V3.24O",0.316666666666667,FALSE
1417700000,164180000,4084110000,0.349065034977021,0,0.2,20,132,0.2,0.1,0.1,6.8e-06,3.101,38.18,-0.276,1,0,0,0,0,1,18.7,0.65,0.4,0,0,0,0,0,0,0,50.8,-3,5.1,15,-999,-999,41.8,-4,5.2,14,-99,99,164190000,214285,9.5472e-07,0,-20.9227,NA,NA,252.551,214053,NA,NA,NA,NA,NA,0,0,0,0,0,0,1500460000,175695000,4329270000,0.333009953179173,0,0.2,20,132,0.2,0.1,0.1,6.8e-06,3.101,38.18,-0.276,1,0,0,0,0,1,18.7583,0.65,0.4,0,0,0,0,0,-0.117552,0,55.5553,-3,5.60485,15,-999,-999,42.501,-4,5.42339,14,-99,99,164190000,665.377,7.71186e-15,0,-18.0509,NA,NA,555.701,183.912,NA,NA,NA,NA,NA,-56.2739,0,0.0861115,0.00172223,0,0,0.6271,40.40667,99.30118,99.76163,0.86529,10,10,"A30-C10-D0-L30-E0-F0-I0-R0-cos",54,"A30","C10","D0","L30","E0","F0","I0","R0","cos",1.14738e-05,"#V3.24O",0.333333333333333,FALSE
1417700000,164180000,4084110000,0.349065034977021,0,0.2,20,132,0.2,0.1,0.1,6.8e-06,3.101,38.18,-0.276,1,0,0,0,0,1,18.7,0.65,0.4,0,0,0,0,0,0,0,50.8,-3,5.1,15,-999,-999,41.8,-4,5.2,14,-99,99,164190000,214285,9.5472e-07,0,-20.9227,NA,NA,252.551,214053,NA,NA,NA,NA,NA,0,0,0,0,0,0,1514080000,174709000,4358760000,0.298839578228671,0,0.2,20,132,0.2,0.1,0.1,6.8e-06,3.101,38.18,-0.276,1,0,0,0,0,1,18.7651,0.65,0.4,0,0,0,0,0,-0.0241369,0,50.2026,-3,5.07421,15,-999,-999,40.6501,-4,4.96399,14,-99,99,164190000,592.789,9.73749e-15,0,-16.355,NA,NA,524.623,142.419,NA,NA,NA,NA,NA,-57.9994,0,0.0994469,0.00198894,0,0,0.6271,40.40667,99.30118,99.76163,0.86529,10,10,"A30-C10-D0-L30-E0-F0-I0-R0-cos",55,"A30","C10","D0","L30","E0","F0","I0","R0","cos",3.01445e-05,"#V3.24O",0.35,FALSE
1417700000,164180000,4084110000,0.349065034977021,0,0.2,20,132,0.2,0.1,0.1,6.8e-06,3.101,38.18,-0.276,1,0,0,0,0,1,18.7,0.65,0.4,0,0,0,0,0,0,0,50.8,-3,5.1,15,-999,-999,41.8,-4,5.2,14,-99,99,164190000,214285,9.5472e-07,0,-20.9227,NA,NA,252.551,214053,NA,NA,NA,NA,NA,0,0,0,0,0,0,1530380000,177073000,4407980000,0.323218344910821,0,0.2,20,132,0.2,0.1,0.1,6.8e-06,3.101,38.18,-0.276,1,0,0,0,0,1,18.7763,0.65,0.4,0,0,0,0,0,0.114714,0,50.6574,-3,5.09418,15,-999,-999,41.5727,-4,5.18354,14,-99,99,164190000,695.106,1.0999e-14,0,-16.2316,NA,NA,584.575,184.04,NA,NA,NA,NA,NA,-57.3762,0,0.0962015,0.00192403,0,0,0.6271,40.40667,99.30118,99.76163,0.86529,10,10,"A30-C10-D0-L30-E0-F0-I0-R0-cos",56,"A30","C10","D0","L30","E0","F0","I0","R0","cos",6.70023e-05,"#V3.24O",0.316666666666667,FALSE
1417700000,164180000,4084110000,0.349065034977021,0,0.2,20,132,0.2,0.1,0.1,6.8e-06,3.101,38.18,-0.276,1,0,0,0,0,1,18.7,0.65,0.4,0,0,0,0,0,0,0,50.8,-3,5.1,15,-999,-999,41.8,-4,5.2,14,-99,99,164190000,214285,9.5472e-07,0,-20.9227,NA,NA,252.551,214053,NA,NA,NA,NA,NA,0,0,0,0,0,0,1551280000,177718000,4460470000,0.33865489511195,0,0.2,20,132,0.2,0.1,0.1,6.8e-06,3.101,38.18,-0.276,1,0,0,0,0,1,18.7881,0.65,0.4,0,0,0,0,0,0.0396894,0,46.8021,-3,4.65968,15,-999,-999,41.129,-4,5.07219,14,-99,99,164190000,623.911,5.79994e-15,0,-19.5279,NA,NA,527.402,173.697,NA,NA,NA,NA,NA,-57.7662,0,0.10456,0.0020912,0,0,0.6271,40.40667,99.30118,99.76163,0.86529,10,10,"A30-C10-D0-L30-E0-F0-I0-R0-cos",57,"A30","C10","D0","L30","E0","F0","I0","R0","cos",2.20798e-05,"#V3.24O",0.316666666666667,FALSE
1417700000,164180000,4084110000,0.349065034977021,0,0.2,20,132,0.2,0.1,0.1,6.8e-06,3.101,38.18,-0.276,1,0,0,0,0,1,18.7,0.65,0.4,0,0,0,0,0,0,0,50.8,-3,5.1,15,-999,-999,41.8,-4,5.2,14,-99,99,164190000,214285,9.5472e-07,0,-20.9227,NA,NA,252.551,214053,NA,NA,NA,NA,NA,0,0,0,0,0,0,1533640000,177803000,4418320000,0.334154158141556,0,0.2,20,132,0.2,0.1,0.1,6.8e-06,3.101,38.18,-0.276,1,0,0,0,0,1,18.7787,0.65,0.4,0,0,0,0,0,-0.028626,0,52.1465,-3,5.28583,15,-999,-999,40.2957,-4,4.76157,14,-99,99,164190000,639.438,5.20455e-15,0,-13.2864,NA,NA,540.145,170.081,NA,NA,NA,NA,NA,-57.6009,0,0.0975913,0.00195183,0,0,0.6271,40.40667,99.30118,99.76163,0.86529,10,10,"A30-C10-D0-L30-E0-F0-I0-R0-cos",58,"A30","C10","D0","L30","E0","F0","I0","R0","cos",5.81646e-05,"#V3.24O",0.316666666666667,FALSE
1417700000,164180000,4084110000,0.349065034977021,0,0.2,20,132,0.2,0.1,0.1,6.8e-06,3.101,38.18,-0.276,1,0,0,0,0,1,18.7,0.65,0.4,0,0,0,0,0,0,0,50.8,-3,5.1,15,-999,-999,41.8,-4,5.2,14,-99,99,164190000,214285,9.5472e-07,0,-20.9227,NA,NA,252.551,214053,NA,NA,NA,NA,NA,0,0,0,0,0,0,1493760000,173377000,4304690000,0.329719445534986,0,0.2,20,132,0.2,0.1,0.1,6.8e-06,3.101,38.18,-0.276,1,0,0,0,0,1,18.7526,0.65,0.4,0,0,0,0,0,-0.134332,0,51.7769,-3,5.21042,15,-999,-999,39.2851,-4,4.66376,14,-99,99,164190000,651.892,7.99368e-15,0,-16.8114,NA,NA,559.626,164.438,NA,NA,NA,NA,NA,-55.4636,0,0.10085,0.002017,0,0,0.6271,40.40667,99.30118,99.76163,0.86529,10,10,"A30-C10-D0-L30-E0-F0-I0-R0-cos",59,"A30","C10","D0","L30","E0","F0","I0","R0","cos",1.98699e-07,"#V3.24O",0.316666666666667,FALSE
1417700000,164180000,4084110000,0.349065034977021,0,0.2,20,132,0.2,0.1,0.1,6.8e-06,3.101,38.18,-0.276,1,0,0,0,0,1,18.7,0.65,0.4,0,0,0,0,0,0,0,50.8,-3,5.1,15,-999,-999,41.8,-4,5.2,14,-99,99,164190000,214285,9.5472e-07,0,-20.9227,NA,NA,252.551,214053,NA,NA,NA,NA,NA,0,0,0,0,0,0,1484400000,171681000,4275420000,0.295243508240126,0,0.2,20,132,0.2,0.1,0.1,6.8e-06,3.101,38.18,-0.276,1,0,0,0,0,1,18.7458,0.65,0.4,0,0,0,0,0,-0.034406,0,50.1596,-3,5.02288,15,-999,-999,40.9665,-4,5.011,14,-99,99,164190000,602.361,2.03388e-14,0,-13.1101,NA,NA,489.627,181.506,NA,NA,NA,NA,NA,-55.7617,0,0.098858,0.00197716,0,0,0.6271,40.40667,99.30118,99.76163,0.86529,10,10,"A30-C10-D0-L30-E0-F0-I0-R0-cos",60,"A30","C10","D0","L30","E0","F0","I0","R0","cos",6.21606e-05,"#V3.24O",0.316666666666667,FALSE
1417700000,164180000,4084110000,0.349065034977021,0,0.2,20,132,0.2,0.1,0.1,6.8e-06,3.101,38.18,-0.276,1,0,0,0,0,1,18.7,0.65,0.4,0,0,0,0,0,0,0,50.8,-3,5.1,15,-999,-999,41.8,-4,5.2,14,-99,99,164190000,214285,9.5472e-07,0,-20.9227,NA,NA,252.551,214053,NA,NA,NA,NA,NA,0,0,0,0,0,0,1506020000,174738000,4340590000,0.321990789270583,0,0.2,20,132,0.2,0.1,0.1,6.8e-06,3.101,38.18,-0.276,1,0,0,0,0,1,18.7609,0.65,0.4,0,0,0,0,0,0.00551692,0,50.2253,-3,4.96965,15,-999,-999,41.6368,-4,5.11071,14,-99,99,164190000,596.304,4.1638e-14,0,-14.3206,NA,NA,499.929,166.132,NA,NA,NA,NA,NA,-55.5359,0,0.0972673,0.00194535,0,0,0.6271,40.40667,99.30118,99.76163,0.86529,10,10,"A30-C10-D0-L30-E0-F0-I0-R0-cos",61,"A30","C10","D0","L30","E0","F0","I0","R0","cos",4.70093e-05,"#V3.24O",0.316666666666667,FALSE
1417700000,164180000,4084110000,0.349065034977021,0,0.2,20,132,0.2,0.1,0.1,6.8e-06,3.101,38.18,-0.276,1,0,0,0,0,1,18.7,0.65,0.4,0,0,0,0,0,0,0,50.8,-3,5.1,15,-999,-999,41.8,-4,5.2,14,-99,99,164190000,214285,9.5472e-07,0,-20.9227,NA,NA,252.551,214053,NA,NA,NA,NA,NA,0,0,0,0,0,0,1531680000,177168000,4411960000,0.306652825501591,0,0.2,20,132,0.2,0.1,0.1,6.8e-06,3.101,38.18,-0.276,1,0,0,0,0,1,18.7772,0.65,0.4,0,0,0,0,0,-0.0064335,0,49.6737,-3,4.9412,15,-999,-999,40.6277,-4,4.95631,14,-99,99,164190000,555.567,1.39662e-14,0,-15.5947,NA,NA,484.898,144.436,NA,NA,NA,NA,NA,-58.2743,0,0.100675,0.00201349,0,0,0.6271,40.40667,99.30118,99.76163,0.86529,10,10,"A30-C10-D0-L30-E0-F0-I0-R0-cos",62,"A30","C10","D0","L30","E0","F0","I0","R0","cos",8.24816e-05,"#V3.24O",0.316666666666667,FALSE
1417700000,164180000,4084110000,0.349065034977021,0,0.2,20,132,0.2,0.1,0.1,6.8e-06,3.101,38.18,-0.276,1,0,0,0,0,1,18.7,0.65,0.4,0,0,0,0,0,0,0,50.8,-3,5.1,15,-999,-999,41.8,-4,5.2,14,-99,99,164190000,214285,9.5472e-07,0,-20.9227,NA,NA,252.551,214053,NA,NA,NA,NA,NA,0,0,0,0,0,0,1522720000,175859000,4383790000,0.350657764172098,0,0.2,20,132,0.2,0.1,0.1,6.8e-06,3.101,38.18,-0.276,1,0,0,0,0,1,18.7708,0.65,0.4,0,0,0,0,0,-0.122319,0,51.365,-3,5.23621,15,-999,-999,41.1273,-4,5.13631,14,-99,99,164190000,657.661,6.57319e-15,0,-13.0331,NA,NA,543.886,183.873,NA,NA,NA,NA,NA,-57.162,0,0.0958622,0.00191724,0,0,0.6271,40.40667,99.30118,99.76163,0.86529,10,10,"A30-C10-D0-L30-E0-F0-I0-R0-cos",63,"A30","C10","D0","L30","E0","F0","I0","R0","cos",1.93658e-06,"#V3.24O",0.35,FALSE
1417700000,164180000,4084110000,0.349065034977021,0,0.2,20,132,0.2,0.1,0.1,6.8e-06,3.101,38.18,-0.276,1,0,0,0,0,1,18.7,0.65,0.4,0,0,0,0,0,0,0,50.8,-3,5.1,15,-999,-999,41.8,-4,5.2,14,-99,99,164190000,214285,9.5472e-07,0,-20.9227,NA,NA,252.551,214053,NA,NA,NA,NA,NA,0,0,0,0,0,0,1487730000,172386000,4286290000,0.282454057005009,0,0.2,20,132,0.2,0.1,0.1,6.8e-06,3.101,38.18,-0.276,1,0,0,0,0,1,18.7483,0.65,0.4,0,0,0,0,0,0.050282,0,50.9232,-3,5.10896,15,-999,-999,41.0081,-4,5.01939,14,-99,99,164190000,586.525,1.87456e-14,0,-12.2553,NA,NA,509.353,145.919,NA,NA,NA,NA,NA,-56.5915,0,0.0974291,0.00194858,0,0,0.6271,40.40667,99.30118,99.76163,0.86529,10,10,"A30-C10-D0-L30-E0-F0-I0-R0-cos",64,"A30","C10","D0","L30","E0","F0","I0","R0","cos",8.01358e-05,"#V3.24O",0.333333333333333,FALSE
1417700000,164180000,4084110000,0.349065034977021,0,0.2,20,132,0.2,0.1,0.1,6.8e-06,3.101,38.18,-0.276,1,0,0,0,0,1,18.7,0.65,0.4,0,0,0,0,0,0,0,50.8,-3,5.1,15,-999,-999,41.8,-4,5.2,14,-99,99,164190000,214285,9.5472e-07,0,-20.9227,NA,NA,252.551,214053,NA,NA,NA,NA,NA,0,0,0,0,0,0,1496560000,172101000,4306140000,0.253772520168875,0,0.2,20,132,0.2,0.1,0.1,6.8e-06,3.101,38.18,-0.276,1,0,0,0,0,1,18.7529,0.65,0.4,0,0,0,0,0,0.114131,0,48.1571,-3,4.80934,15,-999,-999,46.5781,-4,6.17902,14,-99,99,164190000,654.113,4.76709e-14,0,-14.4239,NA,NA,554.041,171.398,NA,NA,NA,NA,NA,-56.9936,0,0.0893266,0.00178653,0,0,0.6271,40.40667,99.30118,99.76163,0.86529,10,10,"A30-C10-D0-L30-E0-F0-I0-R0-cos",65,"A30","C10","D0","L30","E0","F0","I0","R0","cos",0.0104231,"#V3.24O",0.333333333333333,FALSE
1417700000,164180000,4084110000,0.349065034977021,0,0.2,20,132,0.2,0.1,0.1,6.8e-06,3.101,38.18,-0.276,1,0,0,0,0,1,18.7,0.65,0.4,0,0,0,0,0,0,0,50.8,-3,5.1,15,-999,-999,41.8,-4,5.2,14,-99,99,164190000,214285,9.5472e-07,0,-20.9227,NA,NA,252.551,214053,NA,NA,NA,NA,NA,0,0,0,0,0,0,1474160000,170812000,4247450000,0.244855148383148,0,0.2,20,132,0.2,0.1,0.1,6.8e-06,3.101,38.18,-0.276,1,0,0,0,0,1,18.7392,0.65,0.4,0,0,0,0,0,0.146729,0,50.4355,-3,5.03127,15,-999,-999,40.487,-4,4.95066,14,-99,99,164190000,644.533,5.14829e-14,0,-11.4667,NA,NA,552.799,159.788,NA,NA,NA,NA,NA,-56.69,0,0.0996367,0.00199273,0,0,0.6271,40.40667,99.30118,99.76163,0.86529,10,10,"A30-C10-D0-L30-E0-F0-I0-R0-cos",66,"A30","C10","D0","L30","E0","F0","I0","R0","cos",0.000220037,"#V3.24O",0.35,FALSE
1417700000,164180000,4084110000,0.349065034977021,0,0.2,20,132,0.2,0.1,0.1,6.8e-06,3.101,38.18,-0.276,1,0,0,0,0,1,18.7,0.65,0.4,0,0,0,0,0,0,0,50.8,-3,5.1,15,-999,-999,41.8,-4,5.2,14,-99,99,164190000,214285,9.5472e-07,0,-20.9227,NA,NA,252.551,214053,NA,NA,NA,NA,NA,0,0,0,0,0,0,1480610000,171500000,4265590000,0.276883150982631,0,0.2,20,132,0.2,0.1,0.1,6.8e-06,3.101,38.18,-0.276,1,0,0,0,0,1,18.7435,0.65,0.4,0,0,0,0,0,0.0377528,0,50.6716,-3,5.07579,15,-999,-999,40.1848,-4,4.80201,14,-99,99,164190000,649.051,1.28721e-14,0,-15.0293,NA,NA,557.328,163.029,NA,NA,NA,NA,NA,-56.3787,0,0.100291,0.00200583,0,0,0.6271,40.40667,99.30118,99.76163,0.86529,10,10,"A30-C10-D0-L30-E0-F0-I0-R0-cos",67,"A30","C10","D0","L30","E0","F0","I0","R0","cos",6.47659e-08,"#V3.24O",0.333333333333333,FALSE
1417700000,164180000,4084110000,0.349065034977021,0,0.2,20,132,0.2,0.1,0.1,6.8e-06,3.101,38.18,-0.276,1,0,0,0,0,1,18.7,0.65,0.4,0,0,0,0,0,0,0,50.8,-3,5.1,15,-999,-999,41.8,-4,5.2,14,-99,99,164190000,214285,9.5472e-07,0,-20.9227,NA,NA,252.551,214053,NA,NA,NA,NA,NA,0,0,0,0,0,0,1484670000,173269000,4282800000,0.318104978051742,0,0.2,20,132,0.2,0.1,0.1,6.8e-06,3.101,38.18,-0.276,1,0,0,0,0,1,18.7475,0.65,0.4,0,0,0,0,0,0.121513,0,52.7329,-3,5.25916,15,-999,-999,41.3012,-4,5.07335,14,-99,99,164190000,601.602,1.8695e-14,0,-19.8309,NA,NA,507.503,169.34,NA,NA,NA,NA,NA,-55.5058,0,0.0938401,0.0018768,0,0,0.6271,40.40667,99.30118,99.76163,0.86529,10,10,"A30-C10-D0-L30-E0-F0-I0-R0-cos",68,"A30","C10","D0","L30","E0","F0","I0","R0","cos",2.19341e-06,"#V3.24O",0.333333333333333,FALSE
1417700000,164180000,4084110000,0.349065034977021,0,0.2,20,132,0.2,0.1,0.1,6.8e-06,3.101,38.18,-0.276,1,0,0,0,0,1,18.7,0.65,0.4,0,0,0,0,0,0,0,50.8,-3,5.1,15,-999,-999,41.8,-4,5.2,14,-99,99,164190000,214285,9.5472e-07,0,-20.9227,NA,NA,252.551,214053,NA,NA,NA,NA,NA,0,0,0,0,0,0,1536410000,177378000,4423620000,0.303622372626944,0,0.2,20,132,0.2,0.1,0.1,6.8e-06,3.101,38.18,-0.276,1,0,0,0,0,1,18.7799,0.65,0.4,0,0,0,0,0,0.0286192,0,50.0553,-3,5.04106,15,-999,-999,43.1133,-4,5.42479,14,-99,99,164190000,595.653,8.35144e-15,0,-18.9021,NA,NA,490.689,181.008,NA,NA,NA,NA,NA,-57.2377,0,0.0935609,0.00187122,0,0,0.6271,40.40667,99.30118,99.76163,0.86529,10,10,"A30-C10-D0-L30-E0-F0-I0-R0-cos",69,"A30","C10","D0","L30","E0","F0","I0","R0","cos",4.42699e-05,"#V3.24O",0.316666666666667,FALSE
1417700000,164180000,4084110000,0.349065034977021,0,0.2,20,132,0.2,0.1,0.1,6.8e-06,3.101,38.18,-0.276,1,0,0,0,0,1,18.7,0.65,0.4,0,0,0,0,0,0,0,50.8,-3,5.1,15,-999,-999,41.8,-4,5.2,14,-99,99,164190000,214285,9.5472e-07,0,-20.9227,NA,NA,252.551,214053,NA,NA,NA,NA,NA,0,0,0,0,0,0,1505760000,174936000,4340730000,0.27187362494327,0,0.2,20,132,0.2,0.1,0.1,6.8e-06,3.101,38.18,-0.276,1,0,0,0,0,1,18.7609,0.65,0.4,0,0,0,0,0,0.057517,0,50.7632,-3,5.03229,15,-999,-999,45.9963,-4,5.96658,14,-99,99,164190000,604.862,2.39421e-14,0,-16.6413,NA,NA,497.912,180.373,NA,NA,NA,NA,NA,-56.8695,0,0.0862655,0.00172531,0,0,0.6271,40.40667,99.30118,99.76163,0.86529,10,10,"A30-C10-D0-L30-E0-F0-I0-R0-cos",70,"A30","C10","D0","L30","E0","F0","I0","R0","cos",4.95629e-05,"#V3.24O",0.316666666666667,FALSE
1417700000,164180000,4084110000,0.349065034977021,0,0.2,20,132,0.2,0.1,0.1,6.8e-06,3.101,38.18,-0.276,1,0,0,0,0,1,18.7,0.65,0.4,0,0,0,0,0,0,0,50.8,-3,5.1,15,-999,-999,41.8,-4,5.2,14,-99,99,164190000,214285,9.5472e-07,0,-20.9227,NA,NA,252.551,214053,NA,NA,NA,NA,NA,0,0,0,0,0,0,1504640000,175215000,4338710000,0.352786888268633,0,0.2,20,132,0.2,0.1,0.1,6.8e-06,3.101,38.18,-0.276,1,0,0,0,0,1,18.7605,0.65,0.4,0,0,0,0,0,-0.0570861,0,52.2832,-3,5.22926,15,-999,-999,41.8663,-4,5.24246,14,-99,99,164190000,653.127,2.42082e-14,0,-18.2663,NA,NA,531.888,195.586,NA,NA,NA,NA,NA,-56.1745,0,0.0928772,0.00185754,0,0,0.6271,40.40667,99.30118,99.76163,0.86529,10,10,"A30-C10-D0-L30-E0-F0-I0-R0-cos",71,"A30","C10","D0","L30","E0","F0","I0","R0","cos",4.16264e-08,"#V3.24O",0.35,FALSE
1417700000,164180000,4084110000,0.349065034977021,0,0.2,20,132,0.2,0.1,0.1,6.8e-06,3.101,38.18,-0.276,1,0,0,0,0,1,18.7,0.65,0.4,0,0,0,0,0,0,0,50.8,-3,5.1,15,-999,-999,41.8,-4,5.2,14,-99,99,164190000,214285,9.5472e-07,0,-20.9227,NA,NA,252.551,214053,NA,NA,NA,NA,NA,0,0,0,0,0,0,1486720000,171956000,4281860000,0.287625004087009,0,0.2,20,132,0.2,0.1,0.1,6.8e-06,3.101,38.18,-0.276,1,0,0,0,0,1,18.7473,0.65,0.4,0,0,0,0,0,0.0301719,0,50.7143,-3,5.11024,15,-999,-999,41.5967,-4,5.26912,14,-99,99,164190000,637.968,2.70691e-14,0,-17.1821,NA,NA,541.558,172.063,NA,NA,NA,NA,NA,-58.568,0,0.09578,0.0019156,0,0,0.6271,40.40667,99.30118,99.76163,0.86529,10,10,"A30-C10-D0-L30-E0-F0-I0-R0-cos",72,"A30","C10","D0","L30","E0","F0","I0","R0","cos",7.32807e-05,"#V3.24O",0.316666666666667,FALSE
1417700000,164180000,4084110000,0.349065034977021,0,0.2,20,132,0.2,0.1,0.1,6.8e-06,3.101,38.18,-0.276,1,0,0,0,0,1,18.7,0.65,0.4,0,0,0,0,0,0,0,50.8,-3,5.1,15,-999,-999,41.8,-4,5.2,14,-99,99,164190000,214285,9.5472e-07,0,-20.9227,NA,NA,252.551,214053,NA,NA,NA,NA,NA,0,0,0,0,0,0,1482070000,170648000,4265110000,0.282682041025906,0,0.2,20,132,0.2,0.1,0.1,6.8e-06,3.101,38.18,-0.276,1,0,0,0,0,1,18.7434,0.65,0.4,0,0,0,0,0,0.0647945,0,49.2756,-3,4.96826,15,-999,-999,41.7883,-4,5.20136,14,-99,99,164190000,650.869,2.06963e-14,0,-13.5019,NA,NA,553.966,167.064,NA,NA,NA,NA,NA,-56.759,0,0.0980634,0.00196127,0,0,0.6271,40.40667,99.30118,99.76163,0.86529,10,10,"A30-C10-D0-L30-E0-F0-I0-R0-cos",73,"A30","C10","D0","L30","E0","F0","I0","R0","cos",1.69329e-06,"#V3.24O",0.316666666666667,FALSE
1417700000,164180000,4084110000,0.349065034977021,0,0.2,20,132,0.2,0.1,0.1,6.8e-06,3.101,38.18,-0.276,1,0,0,0,0,1,18.7,0.65,0.4,0,0,0,0,0,0,0,50.8,-3,5.1,15,-999,-999,41.8,-4,5.2,14,-99,99,164190000,214285,9.5472e-07,0,-20.9227,NA,NA,252.551,214053,NA,NA,NA,NA,NA,0,0,0,0,0,0,1509940000,175202000,4351890000,0.33454659929364,0,0.2,20,132,0.2,0.1,0.1,6.8e-06,3.101,38.18,-0.276,1,0,0,0,0,1,18.7635,0.65,0.4,0,0,0,0,0,-0.0662633,0,50.3268,-3,4.98558,15,-999,-999,40.7869,-4,4.94565,14,-99,99,164190000,623.101,6.78572e-15,0,-18.3685,NA,NA,535.788,162.439,NA,NA,NA,NA,NA,-56.8585,0,0.0993113,0.00198623,0,0,0.6271,40.40667,99.30118,99.76163,0.86529,10,10,"A30-C10-D0-L30-E0-F0-I0-R0-cos",74,"A30","C10","D0","L30","E0","F0","I0","R0","cos",6.9464e-08,"#V3.24O",0.333333333333333,FALSE
1417700000,164180000,4084110000,0.349065034977021,0,0.2,20,132,0.2,0.1,0.1,6.8e-06,3.101,38.18,-0.276,1,0,0,0,0,1,18.7,0.65,0.4,0,0,0,0,0,0,0,50.8,-3,5.1,15,-999,-999,41.8,-4,5.2,14,-99,99,164190000,214285,9.5472e-07,0,-20.9227,NA,NA,252.551,214053,NA,NA,NA,NA,NA,0,0,0,0,0,0,1534230000,177999000,4421680000,0.364797995332091,0,0.2,20,132,0.2,0.1,0.1,6.8e-06,3.101,38.18,-0.276,1,0,0,0,0,1,18.7794,0.65,0.4,0,0,0,0,0,-0.0307445,0,50.5026,-3,5.01686,15,-999,-999,42.7446,-4,5.35771,14,-99,99,164190000,607.664,6.95723e-15,0,-16.106,NA,NA,509.41,170.836,NA,NA,NA,NA,NA,-56.5727,0,0.0938796,0.00187759,0,0,0.6271,40.40667,99.30118,99.76163,0.86529,10,10,"A30-C10-D0-L30-E0-F0-I0-R0-cos",75,"A30","C10","D0","L30","E0","F0","I0","R0","cos",1.57284e-07,"#V3.24O",0.316666666666667,FALSE
1417700000,164180000,4084110000,0.349065034977021,0,0.2,20,132,0.2,0.1,0.1,6.8e-06,3.101,38.18,-0.276,1,0,0,0,0,1,18.7,0.65,0.4,0,0,0,0,0,0,0,50.8,-3,5.1,15,-999,-999,41.8,-4,5.2,14,-99,99,164190000,214285,9.5472e-07,0,-20.9227,NA,NA,252.551,214053,NA,NA,NA,NA,NA,0,0,0,0,0,0,1540600000,178361000,4437840000,0.354593676202837,0,0.2,20,132,0.2,0.1,0.1,6.8e-06,3.101,38.18,-0.276,1,0,0,0,0,1,18.7831,0.65,0.4,0,0,0,0,0,-0.0666631,0,50.8958,-3,5.12057,15,-999,-999,42.3343,-4,5.28811,14,-99,99,164190000,591.546,8.67455e-15,0,-17.3366,NA,NA,520.714,145.229,NA,NA,NA,NA,NA,-57.1564,0,0.0940018,0.00188004,0,0,0.6271,40.40667,99.30118,99.76163,0.86529,10,10,"A30-C10-D0-L30-E0-F0-I0-R0-cos",76,"A30","C10","D0","L30","E0","F0","I0","R0","cos",3.46965e-07,"#V3.24O",0.333333333333333,FALSE
1417700000,164180000,4084110000,0.349065034977021,0,0.2,20,132,0.2,0.1,0.1,6.8e-06,3.101,38.18,-0.276,1,0,0,0,0,1,18.7,0.65,0.4,0,0,0,0,0,0,0,50.8,-3,5.1,15,-999,-999,41.8,-4,5.2,14,-99,99,164190000,214285,9.5472e-07,0,-20.9227,NA,NA,252.551,214053,NA,NA,NA,NA,NA,0,0,0,0,0,0,1474780000,171562000,4251490000,0.272186927406627,0,0.2,20,132,0.2,0.1,0.1,6.8e-06,3.101,38.18,-0.276,1,0,0,0,0,1,18.7402,0.65,0.4,0,0,0,0,0,-0.0155341,0,52.6093,-3,5.29624,15,-999,-999,41.4134,-4,5.14292,14,-99,99,164190000,619.158,3.13875e-14,0,-16.7139,NA,NA,521.926,171.768,NA,NA,NA,NA,NA,-57.9186,0,0.093458,0.00186916,0,0,0.6271,40.40667,99.30118,99.76163,0.86529,10,10,"A30-C10-D0-L30-E0-F0-I0-R0-cos",77,"A30","C10","D0","L30","E0","F0","I0","R0","cos",8.13014e-05,"#V3.24O",0.316666666666667,FALSE
1417700000,164180000,4084110000,0.349065034977021,0,0.2,20,132,0.2,0.1,0.1,6.8e-06,3.101,38.18,-0.276,1,0,0,0,0,1,18.7,0.65,0.4,0,0,0,0,0,0,0,50.8,-3,5.1,15,-999,-999,41.8,-4,5.2,14,-99,99,164190000,214285,9.5472e-07,0,-20.9227,NA,NA,252.551,214053,NA,NA,NA,NA,NA,0,0,0,0,0,0,1559900000,181678000,4497930000,0.377055667829424,0,0.2,20,132,0.2,0.1,0.1,6.8e-06,3.101,38.18,-0.276,1,0,0,0,0,1,18.7965,0.65,0.4,0,0,0,0,0,-0.155286,0,52.6642,-3,5.2841,15,-999,-999,43.6226,-4,5.59233,14,-99,99,164190000,596.837,5.48945e-15,0,-13.8615,NA,NA,509.237,159.615,NA,NA,NA,NA,NA,-58.2426,0,0.0879643,0.00175929,0,0,0.6271,40.40667,99.30118,99.76163,0.86529,10,10,"A30-C10-D0-L30-E0-F0-I0-R0-cos",78,"A30","C10","D0","L30","E0","F0","I0","R0","cos",1.34544e-05,"#V3.24O",0.316666666666667,FALSE
1417700000,164180000,4084110000,0.349065034977021,0,0.2,20,132,0.2,0.1,0.1,6.8e-06,3.101,38.18,-0.276,1,0,0,0,0,1,18.7,0.65,0.4,0,0,0,0,0,0,0,50.8,-3,5.1,15,-999,-999,41.8,-4,5.2,14,-99,99,164190000,214285,9.5472e-07,0,-20.9227,NA,NA,252.551,214053,NA,NA,NA,NA,NA,0,0,0,0,0,0,1529570000,176341000,4403080000,0.323612107888115,0,0.2,20,132,0.2,0.1,0.1,6.8e-06,3.101,38.18,-0.276,1,0,0,0,0,1,18.7752,0.65,0.4,0,0,0,0,0,-0.101039,0,49.1007,-3,4.91421,15,-999,-999,42.0746,-4,5.24555,14,-99,99,164190000,641.74,1.29817e-14,0,-10.8525,NA,NA,549.013,160.203,NA,NA,NA,NA,NA,-56.7245,0,0.0977974,0.00195595,0,0,0.6271,40.40667,99.30118,99.76163,0.86529,10,10,"A30-C10-D0-L30-E0-F0-I0-R0-cos",79,"A30","C10","D0","L30","E0","F0","I0","R0","cos",2.71305e-07,"#V3.24O",0.333333333333333,FALSE
1417700000,164180000,4084110000,0.349065034977021,0,0.2,20,132,0.2,0.1,0.1,6.8e-06,3.101,38.18,-0.276,1,0,0,0,0,1,18.7,0.65,0.4,0,0,0,0,0,0,0,50.8,-3,5.1,15,-999,-999,41.8,-4,5.2,14,-99,99,164190000,214285,9.5472e-07,0,-20.9227,NA,NA,252.551,214053,NA,NA,NA,NA,NA,0,0,0,0,0,0,1572090000,182361000,4530270000,0.400338169689665,0,0.2,20,132,0.2,0.1,0.1,6.8e-06,3.101,38.18,-0.276,1,0,0,0,0,1,18.8037,0.65,0.4,0,0,0,0,0,-0.194469,0,51.1309,-3,5.12115,15,-999,-999,41.2189,-4,5.0428,14,-99,99,164190000,613.257,2.52169e-15,0,-12.6914,NA,NA,524.005,158.515,NA,NA,NA,NA,NA,-56.6701,0,0.0966067,0.00193213,0,0,0.6271,40.40667,99.30118,99.76163,0.86529,10,10,"A30-C10-D0-L30-E0-F0-I0-R0-cos",80,"A30","C10","D0","L30","E0","F0","I0","R0","cos",2.48273e-06,"#V3.24O",0.316666666666667,FALSE
1417700000,164180000,4084110000,0.349065034977021,0,0.2,20,132,0.2,0.1,0.1,6.8e-06,3.101,38.18,-0.276,1,0,0,0,0,1,18.7,0.65,0.4,0,0,0,0,0,0,0,50.8,-3,5.1,15,-999,-999,41.8,-4,5.2,14,-99,99,164190000,214285,9.5472e-07,0,-20.9227,NA,NA,252.551,214053,NA,NA,NA,NA,NA,0,0,0,0,0,0,1523880000,176564000,4390340000,0.338474924493319,0,0.2,20,132,0.2,0.1,0.1,6.8e-06,3.101,38.18,-0.276,1,0,0,0,0,1,18.7723,0.65,0.4,0,0,0,0,0,-0.0285131,0,51.0157,-3,5.12475,15,-999,-999,41.5887,-4,5.1975,14,-99,99,164190000,607.025,1.1699e-14,0,-17.7027,NA,NA,513.004,168.763,NA,NA,NA,NA,NA,-57.1367,0,0.095547,0.00191094,0,0,0.6271,40.40667,99.30118,99.76163,0.86529,10,10,"A30-C10-D0-L30-E0-F0-I0-R0-cos",81,"A30","C10","D0","L30","E0","F0","I0","R0","cos",9.92654e-05,"#V3.24O",0.3,FALSE
1417700000,164180000,4084110000,0.349065034977021,0,0.2,20,132,0.2,0.1,0.1,6.8e-06,3.101,38.18,-0.276,1,0,0,0,0,1,18.7,0.65,0.4,0,0,0,0,0,0,0,50.8,-3,5.1,15,-999,-999,41.8,-4,5.2,14,-99,99,164190000,214285,9.5472e-07,0,-20.9227,NA,NA,252.551,214053,NA,NA,NA,NA,NA,0,0,0,0,0,0,1515800000,174934000,4364160000,0.303529201495821,0,0.2,20,132,0.2,0.1,0.1,6.8e-06,3.101,38.18,-0.276,1,0,0,0,0,1,18.7663,0.65,0.4,0,0,0,0,0,-0.081757,0,49.5929,-3,4.97388,15,-999,-999,41.1302,-4,5.08283,14,-99,99,164190000,634.6,1.17924e-14,0,-16.0195,NA,NA,528.864,180.508,NA,NA,NA,NA,NA,-58.8538,0,0.0992607,0.00198521,0,0,0.6271,40.40667,99.30118,99.76163,0.86529,10,10,"A30-C10-D0-L30-E0-F0-I0-R0-cos",82,"A30","C10","D0","L30","E0","F0","I0","R0","cos",6.44749e-08,"#V3.24O",0.3,FALSE
1417700000,164180000,4084110000,0.349065034977021,0,0.2,20,132,0.2,0.1,0.1,6.8e-06,3.101,38.18,-0.276,1,0,0,0,0,1,18.7,0.65,0.4,0,0,0,0,0,0,0,50.8,-3,5.1,15,-999,-999,41.8,-4,5.2,14,-99,99,164190000,214285,9.5472e-07,0,-20.9227,NA,NA,252.551,214053,NA,NA,NA,NA,NA,0,0,0,0,0,0,1507440000,174404000,4341620000,0.324008089146448,0,0.2,20,132,0.2,0.1,0.1,6.8e-06,3.101,38.18,-0.276,1,0,0,0,0,1,18.7611,0.65,0.4,0,0,0,0,0,0.0208924,0,51.0377,-3,5.15511,15,-999,-999,42.5812,-4,5.30919,14,-99,99,164190000,634.913,1.73104e-14,0,-12.1392,NA,NA,536.67,165.785,NA,NA,NA,NA,NA,-55.498,0,0.0931754,0.00186351,0,0,0.6271,40.40667,99.30118,99.76163,0.86529,10,10,"A30-C10-D0-L30-E0-F0-I0-R0-cos",83,"A30","C10","D0","L30","E0","F0","I0","R0","cos",0.000635782,"#V3.24O",0.35,FALSE
1417700000,164180000,4084110000,0.349065034977021,0,0.2,20,132,0.2,0.1,0.1,6.8e-06,3.101,38.18,-0.276,1,0,0,0,0,1,18.7,0.65,0.4,0,0,0,0,0,0,0,50.8,-3,5.1,15,-999,-999,41.8,-4,5.2,14,-99,99,164190000,214285,9.5472e-07,0,-20.9227,NA,NA,252.551,214053,NA,NA,NA,NA,NA,0,0,0,0,0,0,1555420000,180509000,4482410000,0.364536041995266,0,0.2,20,132,0.2,0.1,0.1,6.8e-06,3.101,38.18,-0.276,1,0,0,0,0,1,18.7931,0.65,0.4,0,0,0,0,0,-0.0499026,0,51.5378,-3,5.17626,15,-999,-999,42.3762,-4,5.35351,14,-99,99,164190000,605.344,8.67614e-15,0,-15.4451,NA,NA,512.802,165.448,NA,NA,NA,NA,NA,-57.5557,0,0.0927059,0.00185412,0,0,0.6271,40.40667,99.30118,99.76163,0.86529,10,10,"A30-C10-D0-L30-E0-F0-I0-R0-cos",84,"A30","C10","D0","L30","E0","F0","I0","R0","cos",0.0051436,"#V3.24O",0.35,FALSE
1417700000,164180000,4084110000,0.349065034977021,0,0.2,20,132,0.2,0.1,0.1,6.8e-06,3.101,38.18,-0.276,1,0,0,0,0,1,18.7,0.65,0.4,0,0,0,0,0,0,0,50.8,-3,5.1,15,-999,-999,41.8,-4,5.2,14,-99,99,164190000,214285,9.5472e-07,0,-20.9227,NA,NA,252.551,214053,NA,NA,NA,NA,NA,0,0,0,0,0,0,1508190000,173892000,4341120000,0.260255417956656,0,0.2,20,132,0.2,0.1,0.1,6.8e-06,3.101,38.18,-0.276,1,0,0,0,0,1,18.761,0.65,0.4,0,0,0,0,0,0.135919,0,50.1315,-3,5.07793,15,-999,-999,43.5628,-4,5.5008,14,-99,99,164190000,621.681,2.25466e-14,0,-14.8812,NA,NA,522.915,171.831,NA,NA,NA,NA,NA,-58.278,0,0.0923165,0.00184633,0,0,0.6271,40.40667,99.30118,99.76163,0.86529,10,10,"A30-C10-D0-L30-E0-F0-I0-R0-cos",85,"A30","C10","D0","L30","E0","F0","I0","R0","cos",0.00958259,"#V3.24O",0.35,FALSE
1417700000,164180000,4084110000,0.349065034977021,0,0.2,20,132,0.2,0.1,0.1,6.8e-06,3.101,38.18,-0.276,1,0,0,0,0,1,18.7,0.65,0.4,0,0,0,0,0,0,0,50.8,-3,5.1,15,-999,-999,41.8,-4,5.2,14,-99,99,164190000,214285,9.5472e-07,0,-20.9227,NA,NA,252.551,214053,NA,NA,NA,NA,NA,0,0,0,0,0,0,1518890000,175739000,4375170000,0.295108532925578,0,0.2,20,132,0.2,0.1,0.1,6.8e-06,3.101,38.18,-0.276,1,0,0,0,0,1,18.7688,0.65,0.4,0,0,0,0,0,0.0100849,0,50.1096,-3,5.00707,15,-999,-999,41.5874,-4,5.21813,14,-99,99,164190000,658.338,7.08777e-15,0,-13.4439,NA,NA,543.956,184.995,NA,NA,NA,NA,NA,-57.2684,0,0.0970987,0.00194197,0,0,0.6271,40.40667,99.30118,99.76163,0.86529,10,10,"A30-C10-D0-L30-E0-F0-I0-R0-cos",86,"A30","C10","D0","L30","E0","F0","I0","R0","cos",5.71104e-05,"#V3.24O",0.316666666666667,FALSE
1417700000,164180000,4084110000,0.349065034977021,0,0.2,20,132,0.2,0.1,0.1,6.8e-06,3.101,38.18,-0.276,1,0,0,0,0,1,18.7,0.65,0.4,0,0,0,0,0,0,0,50.8,-3,5.1,15,-999,-999,41.8,-4,5.2,14,-99,99,164190000,214285,9.5472e-07,0,-20.9227,NA,NA,252.551,214053,NA,NA,NA,NA,NA,0,0,0,0,0,0,1471610000,172409000,4247260000,0.28435038118693,0,0.2,20,132,0.2,0.1,0.1,6.8e-06,3.101,38.18,-0.276,1,0,0,0,0,1,18.7392,0.65,0.4,0,0,0,0,0,0.105491,0,54.5494,-3,5.46061,15,-999,-999,41.097,-4,5.12361,14,-99,99,164190000,635.223,1.82137e-14,0,-14.1654,NA,NA,549.526,157.661,NA,NA,NA,NA,NA,-57.8912,0,0.091306,0.00182612,0,0,0.6271,40.40667,99.30118,99.76163,0.86529,10,10,"A30-C10-D0-L30-E0-F0-I0-R0-cos",87,"A30","C10","D0","L30","E0","F0","I0","R0","cos",4.28984e-06,"#V3.24O",0.316666666666667,FALSE
1417700000,164180000,4084110000,0.349065034977021,0,0.2,20,132,0.2,0.1,0.1,6.8e-06,3.101,38.18,-0.276,1,0,0,0,0,1,18.7,0.65,0.4,0,0,0,0,0,0,0,50.8,-3,5.1,15,-999,-999,41.8,-4,5.2,14,-99,99,164190000,214285,9.5472e-07,0,-20.9227,NA,NA,252.551,214053,NA,NA,NA,NA,NA,0,0,0,0,0,0,1526260000,175142000,4390140000,0.299439197838793,0,0.2,20,132,0.2,0.1,0.1,6.8e-06,3.101,38.18,-0.276,1,0,0,0,0,1,18.7723,0.65,0.4,0,0,0,0,0,-0.0853116,0,46.5786,-3,4.58211,15,-999,-999,41.3968,-4,4.93307,14,-99,99,164190000,668.698,1.31788e-14,0,-15.8106,NA,NA,569.088,171.171,NA,NA,NA,NA,NA,-55.8576,0,0.105063,0.00210126,0,0,0.6271,40.40667,99.30118,99.76163,0.86529,10,10,"A30-C10-D0-L30-E0-F0-I0-R0-cos",88,"A30","C10","D0","L30","E0","F0","I0","R0","cos",1.14063e-06,"#V3.24O",0.333333333333333,FALSE
1417700000,164180000,4084110000,0.349065034977021,0,0.2,20,132,0.2,0.1,0.1,6.8e-06,3.101,38.18,-0.276,1,0,0,0,0,1,18.7,0.65,0.4,0,0,0,0,0,0,0,50.8,-3,5.1,15,-999,-999,41.8,-4,5.2,14,-99,99,164190000,214285,9.5472e-07,0,-20.9227,NA,NA,252.551,214053,NA,NA,NA,NA,NA,0,0,0,0,0,0,1536940000,178354000,4428650000,0.351472796450386,0,0.2,20,132,0.2,0.1,0.1,6.8e-06,3.101,38.18,-0.276,1,0,0,0,0,1,18.781,0.65,0.4,0,0,0,0,0,0.0143208,0,52.209,-3,5.27879,15,-999,-999,39.6907,-4,4.73121,14,-99,99,164190000,605.79,5.71762e-15,0,-14.3147,NA,NA,509.953,166.22,NA,NA,NA,NA,NA,-56.168,0,0.0989516,0.00197903,0,0,0.6271,40.40667,99.30118,99.76163,0.86529,10,10,"A30-C10-D0-L30-E0-F0-I0-R0-cos",89,"A30","C10","D0","L30","E0","F0","I0","R0","cos",9.1484e-05,"#V3.24O",0.333333333333333,FALSE
1417700000,164180000,4084110000,0.349065034977021,0,0.2,20,132,0.2,0.1,0.1,6.8e-06,3.101,38.18,-0.276,1,0,0,0,0,1,18.7,0.65,0.4,0,0,0,0,0,0,0,50.8,-3,5.1,15,-999,-999,41.8,-4,5.2,14,-99,99,164190000,214285,9.5472e-07,0,-20.9227,NA,NA,252.551,214053,NA,NA,NA,NA,NA,0,0,0,0,0,0,1547310000,178289000,4453640000,0.287477209653227,0,0.2,20,132,0.2,0.1,0.1,6.8e-06,3.101,38.18,-0.276,1,0,0,0,0,1,18.7866,0.65,0.4,0,0,0,0,0,0.0326875,0,49.0968,-3,4.92465,15,-999,-999,41.5258,-4,5.14684,14,-99,99,164190000,669.293,8.77233e-15,0,-14.2387,NA,NA,571.808,168.687,NA,NA,NA,NA,NA,-57.0649,0,0.0991424,0.00198285,0,0,0.6271,40.40667,99.30118,99.76163,0.86529,10,10,"A30-C10-D0-L30-E0-F0-I0-R0-cos",90,"A30","C10","D0","L30","E0","F0","I0","R0","cos",7.27739e-05,"#V3.24O",0.316666666666667,FALSE
1417700000,164180000,4084110000,0.349065034977021,0,0.2,20,132,0.2,0.1,0.1,6.8e-06,3.101,38.18,-0.276,1,0,0,0,0,1,18.7,0.65,0.4,0,0,0,0,0,0,0,50.8,-3,5.1,15,-999,-999,41.8,-4,5.2,14,-99,99,164190000,214285,9.5472e-07,0,-20.9227,NA,NA,252.551,214053,NA,NA,NA,NA,NA,0,0,0,0,0,0,1547710000,177505000,4451200000,0.372164809489576,0,0.2,20,132,0.2,0.1,0.1,6.8e-06,3.101,38.18,-0.276,1,0,0,0,0,1,18.7861,0.65,0.4,0,0,0,0,0,-0.0868564,0,46.9676,-3,4.66389,15,-999,-999,40.8023,-4,4.93654,14,-99,99,164190000,628.861,1.10477e-14,0,-17.3001,NA,NA,526.905,176.317,NA,NA,NA,NA,NA,-57.169,0,0.105369,0.00210737,0,0,0.6271,40.40667,99.30118,99.76163,0.86529,10,10,"A30-C10-D0-L30-E0-F0-I0-R0-cos",91,"A30","C10","D0","L30","E0","F0","I0","R0","cos",3.0981e-07,"#V3.24O",0.333333333333333,FALSE
1417700000,164180000,4084110000,0.349065034977021,0,0.2,20,132,0.2,0.1,0.1,6.8e-06,3.101,38.18,-0.276,1,0,0,0,0,1,18.7,0.65,0.4,0,0,0,0,0,0,0,50.8,-3,5.1,15,-999,-999,41.8,-4,5.2,14,-99,99,164190000,214285,9.5472e-07,0,-20.9227,NA,NA,252.551,214053,NA,NA,NA,NA,NA,0,0,0,0,0,0,1562260000,181341000,4502540000,0.355439374219885,0,0.2,20,132,0.2,0.1,0.1,6.8e-06,3.101,38.18,-0.276,1,0,0,0,0,1,18.7975,0.65,0.4,0,0,0,0,0,-0.0797889,0,51.1613,-3,5.11345,15,-999,-999,42.7881,-4,5.4164,14,-99,99,164190000,638.606,3.29951e-15,0,-13.201,NA,NA,539.6,169.635,NA,NA,NA,NA,NA,-57.523,0,0.0924417,0.00184883,0,0,0.6271,40.40667,99.30118,99.76163,0.86529,10,10,"A30-C10-D0-L30-E0-F0-I0-R0-cos",92,"A30","C10","D0","L30","E0","F0","I0","R0","cos",4.88737e-07,"#V3.24O",0.35,FALSE
1417700000,164180000,4084110000,0.349065034977021,0,0.2,20,132,0.2,0.1,0.1,6.8e-06,3.101,38.18,-0.276,1,0,0,0,0,1,18.7,0.65,0.4,0,0,0,0,0,0,0,50.8,-3,5.1,15,-999,-999,41.8,-4,5.2,14,-99,99,164190000,214285,9.5472e-07,0,-20.9227,NA,NA,252.551,214053,NA,NA,NA,NA,NA,0,0,0,0,0,0,1506770000,174020000,4338960000,0.290134041337095,0,0.2,20,132,0.2,0.1,0.1,6.8e-06,3.101,38.18,-0.276,1,0,0,0,0,1,18.7605,0.65,0.4,0,0,0,0,0,0.145012,0,49.3657,-3,4.92163,15,-999,-999,41.0044,-4,5.09262,14,-99,99,164190000,631.255,1.34837e-14,0,-14.7232,NA,NA,534.618,168.408,NA,NA,NA,NA,NA,-57.1496,0,0.0999804,0.00199961,0,0,0.6271,40.40667,99.30118,99.76163,0.86529,10,10,"A30-C10-D0-L30-E0-F0-I0-R0-cos",93,"A30","C10","D0","L30","E0","F0","I0","R0","cos",2.02103e-06,"#V3.24O",0.333333333333333,FALSE
1417700000,164180000,4084110000,0.349065034977021,0,0.2,20,132,0.2,0.1,0.1,6.8e-06,3.101,38.18,-0.276,1,0,0,0,0,1,18.7,0.65,0.4,0,0,0,0,0,0,0,50.8,-3,5.1,15,-999,-999,41.8,-4,5.2,14,-99,99,164190000,214285,9.5472e-07,0,-20.9227,NA,NA,252.551,214053,NA,NA,NA,NA,NA,0,0,0,0,0,0,1519230000,177195000,4381960000,0.351842554473341,0,0.2,20,132,0.2,0.1,0.1,6.8e-06,3.101,38.18,-0.276,1,0,0,0,0,1,18.7704,0.65,0.4,0,0,0,0,0,-0.065433,0,52.689,-3,5.26304,15,-999,-999,42.747,-4,5.4539,14,-99,99,164190000,628.041,3.09575e-14,0,-12.2629,NA,NA,521.401,176.561,NA,NA,NA,NA,NA,-57.75,0,0.089972,0.00179944,0,0,0.6271,40.40667,99.30118,99.76163,0.86529,10,10,"A30-C10-D0-L30-E0-F0-I0-R0-cos",94,"A30","C10","D0","L30","E0","F0","I0","R0","cos",1.22131e-06,"#V3.24O",0.333333333333333,FALSE
1417700000,164180000,4084110000,0.349065034977021,0,0.2,20,132,0.2,0.1,0.1,6.8e-06,3.101,38.18,-0.276,1,0,0,0,0,1,18.7,0.65,0.4,0,0,0,0,0,0,0,50.8,-3,5.1,15,-999,-999,41.8,-4,5.2,14,-99,99,164190000,214285,9.5472e-07,0,-20.9227,NA,NA,252.551,214053,NA,NA,NA,NA,NA,0,0,0,0,0,0,1508790000,174529000,4345980000,0.300599634604853,0,0.2,20,132,0.2,0.1,0.1,6.8e-06,3.101,38.18,-0.276,1,0,0,0,0,1,18.7621,0.65,0.4,0,0,0,0,0,0.0785348,0,49.8692,-3,4.97245,15,-999,-999,42.3181,-4,5.32646,14,-99,99,164190000,588.941,1.31077e-14,0,-15.2173,NA,NA,499.743,161.958,NA,NA,NA,NA,NA,-57.6404,0,0.0958042,0.00191608,0,0,0.6271,40.40667,99.30118,99.76163,0.86529,10,10,"A30-C10-D0-L30-E0-F0-I0-R0-cos",95,"A30","C10","D0","L30","E0","F0","I0","R0","cos",8.63832e-05,"#V3.24O",0.333333333333333,FALSE
1417700000,164180000,4084110000,0.349065034977021,0,0.2,20,132,0.2,0.1,0.1,6.8e-06,3.101,38.18,-0.276,1,0,0,0,0,1,18.7,0.65,0.4,0,0,0,0,0,0,0,50.8,-3,5.1,15,-999,-999,41.8,-4,5.2,14,-99,99,164190000,214285,9.5472e-07,0,-20.9227,NA,NA,252.551,214053,NA,NA,NA,NA,NA,0,0,0,0,0,0,1524300000,174679000,4382970000,0.297544815501817,0,0.2,20,132,0.2,0.1,0.1,6.8e-06,3.101,38.18,-0.276,1,0,0,0,0,1,18.7706,0.65,0.4,0,0,0,0,0,0.0295369,0,47.4568,-3,4.76565,15,-999,-999,41.2966,-4,5.03806,14,-99,99,164190000,553.087,9.02043e-15,0,-14.9134,NA,NA,471.919,153.103,NA,NA,NA,NA,NA,-57.1267,0,0.102928,0.00205857,0,0,0.6271,40.40667,99.30118,99.76163,0.86529,10,10,"A30-C10-D0-L30-E0-F0-I0-R0-cos",96,"A30","C10","D0","L30","E0","F0","I0","R0","cos",2.31414e-05,"#V3.24O",0.316666666666667,FALSE
1417700000,164180000,4084110000,0.349065034977021,0,0.2,20,132,0.2,0.1,0.1,6.8e-06,3.101,38.18,-0.276,1,0,0,0,0,1,18.7,0.65,0.4,0,0,0,0,0,0,0,50.8,-3,5.1,15,-999,-999,41.8,-4,5.2,14,-99,99,164190000,214285,9.5472e-07,0,-20.9227,NA,NA,252.551,214053,NA,NA,NA,NA,NA,0,0,0,0,0,0,1556160000,179641000,4480990000,0.352288222022366,0,0.2,20,132,0.2,0.1,0.1,6.8e-06,3.101,38.18,-0.276,1,0,0,0,0,1,18.7927,0.65,0.4,0,0,0,0,0,-0.03273,0,48.8031,-3,4.83664,15,-999,-999,45.9848,-4,6.0358,14,-99,99,164190000,622.497,1.0324e-14,0,-14.753,NA,NA,508.334,185.429,NA,NA,NA,NA,NA,-56.6044,0,0.0895298,0.0017906,0,0,0.6271,40.40667,99.30118,99.76163,0.86529,10,10,"A30-C10-D0-L30-E0-F0-I0-R0-cos",97,"A30","C10","D0","L30","E0","F0","I0","R0","cos",3.42329e-05,"#V3.24O",0.316666666666667,FALSE
1417700000,164180000,4084110000,0.349065034977021,0,0.2,20,132,0.2,0.1,0.1,6.8e-06,3.101,38.18,-0.276,1,0,0,0,0,1,18.7,0.65,0.4,0,0,0,0,0,0,0,50.8,-3,5.1,15,-999,-999,41.8,-4,5.2,14,-99,99,164190000,214285,9.5472e-07,0,-20.9227,NA,NA,252.551,214053,NA,NA,NA,NA,NA,0,0,0,0,0,0,1529330000,176018000,4401210000,0.316692455029412,0,0.2,20,132,0.2,0.1,0.1,6.8e-06,3.101,38.18,-0.276,1,0,0,0,0,1,18.7748,0.65,0.4,0,0,0,0,0,-0.0226159,0,48.1722,-3,4.79366,15,-999,-999,41.4243,-4,5.04085,14,-99,99,164190000,630.621,8.42009e-15,0,-16.9173,NA,NA,530.772,172.024,NA,NA,NA,NA,NA,-55.3601,0,0.101462,0.00202924,0,0,0.6271,40.40667,99.30118,99.76163,0.86529,10,10,"A30-C10-D0-L30-E0-F0-I0-R0-cos",98,"A30","C10","D0","L30","E0","F0","I0","R0","cos",3.00773e-06,"#V3.24O",0.316666666666667,FALSE
1417700000,164180000,4084110000,0.349065034977021,0,0.2,20,132,0.2,0.1,0.1,6.8e-06,3.101,38.18,-0.276,1,0,0,0,0,1,18.7,0.65,0.4,0,0,0,0,0,0,0,50.8,-3,5.1,15,-999,-999,41.8,-4,5.2,14,-99,99,164190000,214285,9.5472e-07,0,-20.9227,NA,NA,252.551,214053,NA,NA,NA,NA,NA,0,0,0,0,0,0,1504270000,173438000,4329850000,0.323036594801206,0,0.2,20,132,0.2,0.1,0.1,6.8e-06,3.101,38.18,-0.276,1,0,0,0,0,1,18.7584,0.65,0.4,0,0,0,0,0,-0.0734955,0,50.0835,-3,5.07071,15,-999,-999,40.8018,-4,5.03711,14,-99,99,164190000,612.966,1.33323e-14,0,-9.62298,NA,NA,506.438,172.68,NA,NA,NA,NA,NA,-56.6302,0,0.0990837,0.00198167,0,0,0.6271,40.40667,99.30118,99.76163,0.86529,10,10,"A30-C10-D0-L30-E0-F0-I0-R0-cos",99,"A30","C10","D0","L30","E0","F0","I0","R0","cos",2.17741e-06,"#V3.24O",0.333333333333333,FALSE
1417700000,164180000,4084110000,0.349065034977021,0,0.2,20,132,0.2,0.1,0.1,6.8e-06,3.101,38.18,-0.276,1,0,0,0,0,1,18.7,0.65,0.4,0,0,0,0,0,0,0,50.8,-3,5.1,15,-999,-999,41.8,-4,5.2,14,-99,99,164190000,214285,9.5472e-07,0,-20.9227,NA,NA,252.551,214053,NA,NA,NA,NA,NA,0,0,0,0,0,0,1473400000,171188000,4246890000,0.293610147660994,0,0.2,20,132,0.2,0.1,0.1,6.8e-06,3.101,38.18,-0.276,1,0,0,0,0,1,18.7391,0.65,0.4,0,0,0,0,0,0.017735,0,51.8367,-3,5.20141,15,-999,-999,39.5904,-4,4.76622,14,-99,99,164190000,608.441,2.3369e-14,0,-13.8223,NA,NA,502.831,176.124,NA,NA,NA,NA,NA,-56.7932,0,0.0997721,0.00199544,0,0,0.6271,40.40667,99.30118,99.76163,0.86529,10,10,"A30-C10-D0-L30-E0-F0-I0-R0-cos",100,"A30","C10","D0","L30","E0","F0","I0","R0","cos",1.18573e-06,"#V3.24O",0.35,FALSE
